ID,Prenom,Nom,Sexe,Age,Pays,VitesseMoyenne,CouleurVoiture,MarqueVoiture
1,Janet,Simpson,F,54,China,56,Orange,Jaguar
2,Norma,Morales,F,65,Croatia,56,Indigo,Mazda
3,Ruby,Day,F,28,China,102,Green,Mazda
4,Doris,Perkins,F,53,Macedonia,41,Blue,Infinity
5,Robert,Matthews,M,69,Peru,90,Purple,Subaru
6,Susan,White,F,25,Republic of the Congo,60,Fuchsia,Jeep
7,Jeffrey,Owens,M,29,China,59,Red,Acura
8,Johnny,Castillo,M,73,Indonesia,69,Peru,Toyota
9,Martin,Nguyen,M,53,Ireland,76,Crimson,Volvo
10,Laura,Hill,F,47,Palestinian Territory,107,Midnightblue,BMW
11,Lisa,Lynch,F,95,Philippines,119,Peru,Jaguar
12,Steve,Lewis,M,75,Colombia,37,Green,Volvo
13,Cynthia,Matthews,F,29,Ecuador,41,Teal,Lotus
14,Irene,Owens,F,53,China,37,Blue,Dodge
15,Anne,Simmons,F,93,Indonesia,58,Yellow,Lotus
16,Justin,Carpenter,M,67,Brazil,99,Crimson,Acura
17,Wanda,Murphy,F,88,Brazil,39,Khaki,Mazda
18,Benjamin,Woods,M,44,Venezuela,57,Indigo,Tesla
19,Donald,Mills,M,25,Mexico,86,Turquoise,Porsche
20,Patrick,Clark,M,76,Malawi,49,Green,Jeep
21,Lillian,Sims,F,97,Greece,67,Fuchsia,Ford
22,Theresa,Hayes,F,69,Indonesia,102,Khaki,BMW
23,Jane,Stevens,F,53,Canada,117,Yellow,Porsche
24,Carol,Meyer,F,51,Norway,84,Goldenrod,Toyota
25,Brenda,Nguyen,F,52,Peru,78,Teal,Hyundai
26,Sean,Hicks,M,66,Philippines,48,Turquoise,Honda
27,Marilyn,Hunt,F,96,Philippines,103,Aquamarine,Jaguar
28,Kevin,Armstrong,M,92,China,89,Aquamarine,Mazda
29,Denise,Palmer,F,66,Philippines,85,Purple,Jaguar
30,Brenda,Howard,F,32,Portugal,80,Maroon,Subaru
31,Gerald,Hicks,M,91,Croatia,99,Green,Infinity
32,Daniel,Peterson,M,84,Argentina,116,Maroon,Audi
33,Joseph,Bell,M,36,Ukraine,59,Khaki,Nissan
34,George,Allen,M,85,Brazil,33,Orange,Mercedes
35,Eric,Foster,M,63,Poland,96,Yellow,Ford
36,Harold,Medina,M,57,Sweden,84,Green,Volvo
37,Benjamin,Duncan,M,51,Ivory Coast,118,Crimson,BMW
38,Barbara,Robertson,F,24,Russia,89,Green,Mitsubishi
39,Antonio,Scott,M,65,Poland,51,Fuchsia,Dodge
40,Arthur,Morgan,M,26,Brazil,110,Purple,Toyota
41,Diane,Smith,F,97,United States,104,Maroon,Nissan
42,Douglas,Bishop,M,34,South Korea,104,Violet,Porsche
43,Catherine,Hughes,F,88,Brazil,92,Indigo,Jaguar
44,Judy,Kelley,F,81,France,33,Teal,Hyundai
45,Janice,Lewis,F,76,Kazakhstan,31,Turquoise,Chrysler
46,Barbara,Chapman,F,42,Portugal,101,Crimson,Chrysler
47,Dennis,Hanson,M,28,Philippines,73,Pink,Mazda
48,Cynthia,Reynolds,F,29,Russia,110,Peru,Dodge
49,Mildred,Dunn,F,53,Poland,71,Khaki,Nissan
50,Michael,Burns,M,32,Poland,41,Purple,Jeep
51,Julia,Phillips,F,65,Peru,106,Crimson,Honda
52,Antonio,Kelly,M,28,Mauritania,109,Khaki,Audi
53,Norma,Griffin,F,34,China,59,Fuchsia,Chrysler
54,Tina,Kelly,F,94,France,91,Peru,Mercedes
55,Shirley,Mills,F,53,Argentina,92,Yellow,Honda
56,Roy,Simmons,M,45,Lebanon,110,Peru,Dodge
57,Ryan,Barnes,M,36,Poland,42,Orange,Hyundai
58,John,Gomez,M,60,Nigeria,54,Yellow,Ford
59,Anthony,Cooper,M,72,Czech Republic,67,Maroon,Toyota
60,Martha,Weaver,F,88,Russia,65,Maroon,Jaguar
61,Mary,Cooper,F,93,Netherlands,96,Violet,Infinity
62,Ryan,Lawrence,M,27,Indonesia,104,Yellow,Tesla
63,Annie,Ellis,F,44,Indonesia,59,Fuchsia,Ferrari
64,Barbara,Ward,F,57,Cuba,32,Fuchsia,Acura
65,Jean,Carpenter,F,45,Yemen,107,Crimson,Tesla
66,Julie,Evans,F,83,Colombia,75,Teal,Jaguar
67,Amanda,Johnson,F,65,Russia,45,Peru,Toyota
68,Rachel,Gonzales,F,75,Australia,102,Turquoise,Acura
69,Donna,Adams,F,68,Jamaica,56,Blue,Ford
70,Diana,Hayes,F,69,Portugal,87,Teal,Subaru
71,Amy,Vasquez,F,93,Indonesia,115,Green,Jaguar
72,Edward,Gray,M,33,Luxembourg,64,Yellow,Acura
73,Joshua,George,M,23,United States,69,Maroon,Jaguar
74,Virginia,Rivera,F,88,Peru,94,Aquamarine,Nissan
75,Janice,Riley,F,82,China,54,Indigo,Mercedes
76,Alan,Ramirez,M,48,Botswana,33,Fuchsia,Jaguar
77,Roy,Black,M,60,Colombia,46,Fuchsia,Acura
78,Mark,Lane,M,79,China,89,Midnightblue,Ford
79,Russell,Torres,M,22,Uganda,63,Midnightblue,Honda
80,Janice,Armstrong,F,81,Indonesia,106,Purple,Audi
81,Harold,Marshall,M,47,Honduras,53,Maroon,Jaguar
82,Arthur,Ray,M,49,Serbia,81,Goldenrod,Ford
83,Jeremy,Roberts,M,64,China,103,Aquamarine,Nissan
84,Clarence,Jones,M,79,Indonesia,44,Khaki,Ferrari
85,Victor,Hayes,M,70,Nigeria,42,Purple,Subaru
86,Jason,Freeman,M,97,Sweden,74,Pink,Porsche
87,Patrick,Snyder,M,79,Sweden,88,Fuchsia,Subaru
88,Rachel,Murray,F,22,China,96,Yellow,Tesla
89,Jack,Watson,M,51,Nigeria,99,Violet,Subaru
90,Steve,Duncan,M,54,Portugal,40,Fuchsia,Volvo
91,Robin,Gutierrez,F,77,Germany,96,Teal,Honda
92,Sara,Edwards,F,69,Russia,50,Blue,Jaguar
93,Jesse,Bryant,M,65,China,73,Blue,Jaguar
94,Irene,Hicks,F,98,China,103,Teal,Mercedes
95,Virginia,George,F,41,Dominican Republic,83,Midnightblue,Lincoln
96,Brian,Harrison,M,91,Indonesia,53,Yellow,Nissan
97,Julie,Torres,F,55,China,79,Red,Acura
98,Nicole,Gordon,F,32,Indonesia,83,Indigo,Dodge
99,Linda,Spencer,F,92,Central African Republic,67,Orange,Jeep
100,Gary,Wallace,M,35,Ivory Coast,59,Violet,Jeep
101,Gary,Little,M,36,Finland,36,Aquamarine,Lotus
102,Susan,Jenkins,F,70,Mexico,107,Pink,Chrysler
103,Sara,Hart,F,41,China,35,Violet,Jaguar
104,Maria,Rice,F,31,Sweden,100,Crimson,Porsche
105,Irene,Mitchell,F,41,Poland,74,Yellow,Nissan
106,Marilyn,Robinson,F,91,Nigeria,33,Maroon,Infinity
107,Jeremy,Flores,M,95,El Salvador,55,Aquamarine,Lotus
108,Scott,Williams,M,52,Turkmenistan,79,Goldenrod,Tesla
109,Justin,Hicks,M,47,France,62,Green,Acura
110,Kathleen,Gonzales,F,21,Thailand,92,Turquoise,Acura
111,Joan,Gray,F,67,United States,102,Khaki,Honda
112,Rose,Riley,F,49,China,100,Fuchsia,Tesla
113,Joan,Kennedy,F,47,United States,99,Green,Lotus
114,Randy,Scott,M,50,Japan,35,Orange,Jaguar
115,Anthony,Hicks,M,33,Indonesia,69,Turquoise,Subaru
116,Jessica,Reyes,F,37,Portugal,70,Orange,Audi
117,Samuel,Webb,M,26,China,39,Maroon,Toyota
118,Eric,Frazier,M,61,China,79,Maroon,Volvo
119,Bruce,Gilbert,M,57,Ecuador,96,Fuchsia,Toyota
120,Shirley,Stevens,F,100,Bulgaria,95,Goldenrod,Acura
121,Louise,Fields,F,74,Uzbekistan,93,Red,Ford
122,Katherine,Harvey,F,39,Morocco,42,Maroon,Honda
123,Brandon,Greene,M,61,Philippines,33,Turquoise,Tesla
124,Martha,Garza,F,90,Canada,30,Blue,Volvo
125,Emily,Perez,F,53,China,49,Fuchsia,Chrysler
126,Jane,Simmons,F,78,Russia,97,Fuchsia,BMW
127,Adam,Matthews,M,37,Canada,63,Maroon,Subaru
128,Fred,Hunter,M,27,China,51,Maroon,Toyota
129,Keith,Hayes,M,74,Brazil,32,Aquamarine,Volvo
130,Benjamin,Perkins,M,94,China,31,Orange,Volvo
131,Kathryn,Hernandez,F,67,Philippines,37,Goldenrod,Audi
132,Brian,Sanders,M,58,Vietnam,54,Fuchsia,Acura
133,Terry,Wheeler,M,66,Russia,38,Violet,Lotus
134,Donald,Young,M,94,France,82,Red,Acura
135,Victor,Reid,M,69,Indonesia,53,Aquamarine,Infinity
136,Norma,Jordan,F,89,Malawi,80,Purple,Lotus
137,Christopher,Mills,M,42,Philippines,49,Fuchsia,Jaguar
138,Sharon,Bradley,F,52,Japan,94,Purple,Subaru
139,Benjamin,Greene,M,96,Indonesia,90,Peru,Audi
140,Willie,Gordon,M,79,Bulgaria,83,Crimson,Jeep
141,Dorothy,Edwards,F,27,Sweden,66,Blue,Mercedes
142,Phyllis,Adams,F,82,China,88,Maroon,Lincoln
143,Benjamin,Vasquez,M,47,China,38,Green,Jeep
144,Ronald,Kim,M,89,Thailand,97,Purple,Nissan
145,Ruby,Wheeler,F,78,China,114,Purple,Volvo
146,Theresa,Kelly,F,100,Ireland,95,Peru,Ford
147,Diane,Mitchell,F,32,Poland,61,Purple,Tesla
148,Clarence,Fields,M,75,Peru,48,Pink,Honda
149,Terry,Pierce,M,71,Comoros,114,Midnightblue,Lincoln
150,Scott,Wallace,M,100,China,64,Khaki,Dodge
151,Betty,Simmons,F,83,Egypt,81,Crimson,Jeep
152,Ronald,Kelley,M,87,France,42,Purple,Lotus
153,Jacqueline,Reyes,F,97,Poland,109,Teal,Lincoln
154,Harold,Fuller,M,41,China,72,Green,Nissan
155,Michelle,Jenkins,F,48,Indonesia,73,Indigo,Subaru
156,Craig,Hunt,M,78,China,60,Yellow,Jeep
157,Peter,Fields,M,83,China,48,Red,Jeep
158,Tina,Butler,F,98,Indonesia,70,Indigo,Subaru
159,Jacqueline,Mitchell,F,40,China,56,Blue,Tesla
160,Pamela,Hicks,F,87,China,85,Yellow,Mitsubishi
161,Ruth,Rose,F,91,Brazil,82,Yellow,Jaguar
162,Joan,Vasquez,F,28,Indonesia,68,Blue,Infinity
163,Diane,Johnston,F,49,Portugal,92,Green,BMW
164,Antonio,Nichols,M,52,Czech Republic,30,Blue,Volvo
165,Phillip,Fowler,M,71,Albania,48,Goldenrod,Volvo
166,Juan,Freeman,M,98,Russia,57,Orange,Toyota
167,Daniel,Parker,M,51,Portugal,39,Turquoise,Nissan
168,Andrew,Jordan,M,49,Indonesia,49,Pink,Nissan
169,Margaret,Anderson,F,22,Tanzania,86,Peru,Honda
170,Margaret,Holmes,F,60,Paraguay,51,Midnightblue,Nissan
171,Wanda,Bishop,F,49,Poland,90,Fuchsia,Lincoln
172,Kevin,Mendoza,M,94,Brazil,63,Indigo,Nissan
173,Nancy,Russell,F,94,Philippines,62,Aquamarine,Toyota
174,Harold,Hansen,M,44,Greece,73,Green,Hyundai
175,Jerry,Lopez,M,90,Colombia,97,Blue,Honda
176,Robert,Rogers,M,25,China,112,Maroon,Ford
177,Cheryl,Butler,F,68,Argentina,117,Indigo,Jeep
178,Carl,Reyes,M,34,Indonesia,46,Violet,Chrysler
179,Aaron,Cooper,M,43,China,114,Indigo,Mitsubishi
180,Mark,Fox,M,33,Indonesia,61,Turquoise,Lincoln
181,Walter,Walker,M,33,Russia,63,Peru,Tesla
182,Barbara,Wright,F,78,France,106,Fuchsia,Porsche
183,Joyce,Ray,F,62,Cuba,108,Midnightblue,Infinity
184,Gloria,Chapman,F,36,Peru,51,Khaki,Jeep
185,Julie,Reid,F,50,China,78,Peru,Lotus
186,Jean,Peterson,F,98,France,87,Maroon,Infinity
187,Catherine,Brooks,F,76,United Kingdom,109,Turquoise,Ford
188,Katherine,Burton,F,85,Philippines,44,Indigo,Tesla
189,Terry,Holmes,M,33,Indonesia,49,Aquamarine,Lotus
190,Betty,Martin,F,31,Moldova,82,Indigo,Lotus
191,Carolyn,Smith,F,71,China,31,Pink,Dodge
192,Beverly,Williamson,F,62,Botswana,35,Pink,Ford
193,Albert,Carter,M,41,China,60,Violet,Mercedes
194,Brian,Tucker,M,60,China,74,Pink,Toyota
195,Sharon,Carter,F,86,Portugal,91,Blue,Hyundai
196,Cynthia,Carr,F,73,Brazil,65,Khaki,Mercedes
197,Lois,Grant,F,79,France,92,Violet,Ferrari
198,Donna,Cook,F,77,Indonesia,109,Teal,Lotus
199,Diana,Hunt,F,56,Argentina,51,Turquoise,Mazda
200,Sarah,Mcdonald,F,51,Ukraine,49,Aquamarine,Nissan
201,Ralph,Hughes,M,67,China,52,Peru,Jeep
202,Jeffrey,Smith,M,24,Philippines,53,Aquamarine,Ferrari
203,Maria,Garza,F,71,China,103,Fuchsia,Mercedes
204,Bobby,Howard,M,87,Ivory Coast,53,Green,Audi
205,Wanda,Robinson,F,61,Poland,34,Pink,Ford
206,Angela,Rice,F,67,Philippines,74,Teal,Mitsubishi
207,Bonnie,Howard,F,63,Ukraine,81,Teal,Hyundai
208,Irene,Boyd,F,78,Portugal,93,Pink,Ferrari
209,Margaret,Russell,F,58,Paraguay,34,Maroon,Volvo
210,Lois,Ruiz,F,42,Indonesia,99,Yellow,Mitsubishi
211,Heather,Montgomery,F,99,Portugal,69,Peru,Mazda
212,Denise,Phillips,F,67,Poland,102,Violet,Acura
213,Ruby,Ryan,F,49,Argentina,83,Crimson,Mercedes
214,Michelle,Wilson,F,60,Argentina,90,Green,Audi
215,Stephanie,Knight,F,45,Philippines,109,Aquamarine,Subaru
216,Christine,Warren,F,92,Mexico,59,Yellow,Acura
217,Phillip,Frazier,M,63,Brazil,79,Maroon,Hyundai
218,Raymond,Hill,M,38,Armenia,68,Teal,Toyota
219,Sara,Carroll,F,24,China,111,Indigo,Volvo
220,Linda,Hawkins,F,56,United Kingdom,100,Yellow,Acura
221,Steven,Wheeler,M,56,United States,115,Yellow,Jeep
222,Eugene,Hansen,M,62,France,70,Fuchsia,Nissan
223,Stephanie,Rodriguez,F,21,Sweden,120,Blue,Nissan
224,Emily,Bradley,F,97,Sweden,108,Crimson,Hyundai
225,Andrew,Stewart,M,38,Russia,36,Crimson,Mazda
226,Diane,Lee,F,35,Ireland,50,Aquamarine,Mitsubishi
227,Richard,Cunningham,M,49,Argentina,55,Violet,Acura
228,Jonathan,Jackson,M,28,Colombia,120,Purple,Nissan
229,Carol,George,F,28,Peru,30,Turquoise,Jaguar
230,Susan,Murphy,F,22,Haiti,78,Turquoise,Volvo
231,Nicholas,Mcdonald,M,86,Philippines,110,Aquamarine,Jaguar
232,Harry,Lane,M,39,Portugal,104,Purple,Volvo
233,Susan,Murphy,F,56,Indonesia,65,Crimson,Mercedes
234,Phyllis,White,F,27,Russia,106,Orange,Honda
235,Keith,Pierce,M,36,Philippines,64,Turquoise,Lotus
236,Martha,Knight,F,93,Syria,113,Orange,Mercedes
237,Patricia,Baker,F,75,United States,65,Khaki,Nissan
238,Joshua,Sanchez,M,27,Philippines,37,Orange,Jeep
239,Elizabeth,Powell,F,25,China,58,Teal,Porsche
240,Anthony,Peters,M,63,South Africa,53,Pink,Lincoln
241,Deborah,Williams,F,66,Japan,85,Blue,Infinity
242,Donald,Robinson,M,29,Indonesia,35,Orange,BMW
243,Rose,Allen,F,84,Ukraine,70,Pink,Audi
244,Carlos,Bailey,M,28,China,48,Midnightblue,Audi
245,Robin,Chavez,F,45,Slovenia,61,Red,Acura
246,Gloria,Carroll,F,37,China,46,Orange,Toyota
247,Patrick,Howard,M,73,Angola,95,Yellow,Dodge
248,Annie,Wagner,F,74,Tanzania,109,Pink,Jaguar
249,Jason,Arnold,M,80,Brazil,94,Teal,Volvo
250,Benjamin,Murphy,M,68,Malaysia,65,Midnightblue,Toyota
251,Arthur,Ferguson,M,79,Peru,90,Turquoise,Jeep
252,Jeffrey,Foster,M,77,Poland,89,Red,Lotus
253,Kathryn,Washington,F,67,Morocco,84,Pink,Subaru
254,Judith,Lee,F,35,China,49,Turquoise,Tesla
255,Gregory,Bradley,M,100,Greece,63,Maroon,BMW
256,Marilyn,Palmer,F,39,Greece,86,Red,Lotus
257,Jacqueline,Stanley,F,70,China,66,Orange,Ferrari
258,Evelyn,Burke,F,81,Ivory Coast,32,Goldenrod,Lincoln
259,Randy,Crawford,M,71,Japan,53,Fuchsia,Acura
260,Barbara,Fernandez,F,36,Brazil,105,Red,Volvo
261,Betty,Nichols,F,62,Indonesia,105,Maroon,Volvo
262,Bobby,Alvarez,M,78,Czech Republic,113,Violet,Acura
263,Lillian,Reid,F,76,Vietnam,70,Khaki,Acura
264,Jennifer,Dixon,F,91,Brazil,117,Crimson,Mercedes
265,Christine,Martin,F,61,Indonesia,107,Peru,Nissan
266,Susan,Hansen,F,98,Brazil,81,Peru,Audi
267,Christine,Sanchez,F,66,China,105,Violet,Ferrari
268,Joe,Boyd,M,58,Colombia,57,Pink,Subaru
269,Robert,Thomas,M,28,Chile,112,Aquamarine,Tesla
270,Heather,Bowman,F,31,China,90,Red,Jeep
271,Kathleen,Fowler,F,25,Indonesia,76,Green,Acura
272,William,Bryant,M,53,Brazil,47,Pink,Subaru
273,Philip,Nguyen,M,99,China,80,Red,Honda
274,Angela,Armstrong,F,30,Philippines,116,Green,Nissan
275,Keith,Reid,M,93,China,76,Pink,Nissan
276,Samuel,Baker,M,54,China,34,Violet,Honda
277,Jerry,Simmons,M,93,North Korea,103,Red,BMW
278,Phillip,Hernandez,M,98,Russia,117,Goldenrod,Dodge
279,Martha,Evans,F,69,China,120,Turquoise,Mazda
280,Antonio,Williams,M,73,Poland,58,Purple,Mitsubishi
281,Theresa,Ferguson,F,68,Philippines,107,Teal,Acura
282,Deborah,George,F,47,Philippines,120,Maroon,Jaguar
283,Ryan,Jones,M,22,Sweden,66,Teal,Ford
284,Antonio,Larson,M,75,China,71,Yellow,Jeep
285,Karen,Henry,F,64,Finland,82,Khaki,Ford
286,Stephen,Sullivan,M,27,Serbia,64,Maroon,Subaru
287,Elizabeth,Diaz,F,84,Belarus,102,Purple,Hyundai
288,Alan,Hunter,M,23,China,83,Green,Mazda
289,Carolyn,Adams,F,34,Indonesia,99,Green,BMW
290,Bobby,Reed,M,51,China,82,Maroon,Jaguar
291,Stephanie,Campbell,F,24,Russia,41,Red,Mazda
292,Marilyn,Burton,F,66,Portugal,44,Fuchsia,Ferrari
293,Jose,Berry,M,60,Portugal,74,Turquoise,Lotus
294,Irene,Pierce,F,78,Philippines,42,Midnightblue,Dodge
295,Terry,Mccoy,M,87,Japan,109,Fuchsia,Jeep
296,Willie,Cook,M,45,Haiti,82,Maroon,Hyundai
297,Sharon,Lawrence,F,84,Canada,38,Orange,Tesla
298,Julie,Scott,F,71,China,84,Green,Acura
299,Alice,Boyd,F,66,Brazil,82,Fuchsia,Jaguar
300,James,Watkins,M,76,Sweden,109,Red,Honda
301,Ryan,Morales,M,66,Ecuador,119,Goldenrod,Ferrari
302,Jeffrey,Wood,M,22,Sweden,80,Violet,Audi
303,Virginia,Allen,F,86,Argentina,94,Goldenrod,Ford
304,Denise,Fox,F,81,Yemen,44,Blue,Honda
305,Richard,Hamilton,M,77,Uruguay,47,Goldenrod,Volvo
306,Lois,Little,F,84,China,32,Purple,Acura
307,Kevin,Ray,M,46,Colombia,120,Aquamarine,Ferrari
308,Jane,Ramos,F,35,China,87,Crimson,Audi
309,Kathy,Harrison,F,70,Philippines,112,Blue,Ferrari
310,Heather,Perry,F,27,Thailand,48,Crimson,Subaru
311,Andrew,Mendoza,M,39,Indonesia,115,Orange,Mitsubishi
312,Lori,Rose,F,44,Sweden,66,Purple,Subaru
313,Joan,Jenkins,F,82,China,91,Blue,Infinity
314,Chris,Griffin,M,62,Honduras,90,Red,Volvo
315,Joan,Green,F,60,Israel,68,Khaki,Nissan
316,Alan,Olson,M,71,Brazil,41,Khaki,Acura
317,Eric,Moore,M,27,Saint Kitts and Nevis,68,Aquamarine,Jaguar
318,Eugene,Jacobs,M,76,Indonesia,114,Aquamarine,Infinity
319,Bruce,Phillips,M,49,Russia,58,Red,Jeep
320,Nicole,Myers,F,48,Philippines,50,Violet,Subaru
321,Juan,Burns,M,77,Indonesia,117,Purple,Subaru
322,Joan,Thomas,F,87,Kazakhstan,82,Red,BMW
323,Annie,Diaz,F,52,France,74,Khaki,Volvo
324,Andrew,Cooper,M,42,United States,69,Midnightblue,Jeep
325,Sarah,Mendoza,F,27,Burundi,98,Peru,Toyota
326,Rebecca,Dunn,F,69,China,85,Violet,Infinity
327,Alice,Murphy,F,31,Nigeria,48,Khaki,Mazda
328,Doris,Ross,F,80,Armenia,34,Blue,Honda
329,Alice,Kelly,F,66,China,44,Peru,Hyundai
330,Howard,Rodriguez,M,81,Indonesia,69,Turquoise,Dodge
331,Sandra,Hernandez,F,69,Brazil,54,Violet,Mazda
332,Amy,Cruz,F,38,Sweden,107,Violet,Mitsubishi
333,Cynthia,Rodriguez,F,53,Greece,92,Pink,Chrysler
334,Betty,Fernandez,F,94,China,33,Blue,Ferrari
335,Sean,Roberts,M,31,France,89,Red,Ford
336,Lawrence,Medina,M,80,France,39,Maroon,Lotus
337,Tammy,Barnes,F,61,Sweden,34,Aquamarine,Jeep
338,Judith,Alvarez,F,46,China,70,Orange,Nissan
339,Pamela,Wheeler,F,64,Sweden,66,Khaki,Lincoln
340,Samuel,Matthews,M,41,Japan,110,Indigo,Ferrari
341,Raymond,Mason,M,80,Indonesia,101,Orange,Honda
342,Christina,Black,F,28,China,61,Green,Acura
343,James,Andrews,M,54,Indonesia,32,Goldenrod,Ferrari
344,Howard,Nelson,M,57,Afghanistan,63,Pink,Nissan
345,Phyllis,Johnston,F,50,Honduras,75,Indigo,Honda
346,Bruce,Davis,M,79,United States,42,Red,Jaguar
347,Rose,Woods,F,64,China,65,Pink,Mercedes
348,Mark,Wilson,M,58,Poland,57,Yellow,Chrysler
349,Carlos,Peters,M,37,China,62,Khaki,Dodge
350,Amanda,Gray,F,58,Peru,111,Violet,Tesla
351,Justin,Shaw,M,97,Greece,74,Fuchsia,Lincoln
352,Scott,Warren,M,59,Portugal,86,Violet,Chrysler
353,Patrick,Ray,M,55,Philippines,107,Turquoise,Lincoln
354,Judith,Bradley,F,89,Philippines,100,Crimson,Tesla
355,Brenda,Watkins,F,88,Dominican Republic,119,Maroon,Ford
356,Jeremy,Day,M,73,Indonesia,63,Red,Jeep
357,Gregory,Sullivan,M,39,Philippines,32,Turquoise,Dodge
358,John,Williams,M,57,United States,44,Green,BMW
359,Bruce,Wilson,M,40,Poland,42,Khaki,Mercedes
360,Rebecca,Meyer,F,58,Philippines,42,Pink,Jeep
361,Matthew,Ray,M,62,China,90,Aquamarine,BMW
362,Gregory,Hansen,M,47,Portugal,106,Aquamarine,Hyundai
363,Lillian,Moreno,F,54,Canada,66,Khaki,Tesla
364,Helen,Moreno,F,96,Cameroon,64,Red,Honda
365,Benjamin,Shaw,M,74,United States,69,Red,Acura
366,David,Kennedy,M,51,Macedonia,69,Khaki,Ferrari
367,Johnny,Berry,M,76,Sweden,98,Fuchsia,Lotus
368,Fred,Fuller,M,44,Guatemala,75,Midnightblue,Volvo
369,Ralph,Burns,M,90,Ukraine,87,Aquamarine,Subaru
370,Nicholas,Patterson,M,91,Bosnia and Herzegovina,88,Khaki,Mazda
371,Raymond,Hudson,M,84,China,117,Fuchsia,Nissan
372,Andrew,Crawford,M,21,Norway,36,Pink,Jeep
373,Jeremy,Morales,M,31,Canada,57,Orange,Ferrari
374,Ashley,Lane,F,85,Indonesia,60,Maroon,Subaru
375,Paula,Kelly,F,96,Indonesia,52,Fuchsia,Ford
376,Jeremy,Pierce,M,59,Indonesia,120,Green,Hyundai
377,Deborah,Walker,F,74,Russia,79,Violet,Dodge
378,Carl,Edwards,M,31,Brazil,56,Blue,Jaguar
379,Anthony,Gordon,M,94,Philippines,40,Purple,Ford
380,Walter,Myers,M,43,Peru,114,Goldenrod,Hyundai
381,Paul,Smith,M,80,China,74,Teal,Subaru
382,Stephanie,Alvarez,F,87,China,85,Blue,Lotus
383,Karen,Dixon,F,88,Indonesia,39,Yellow,Nissan
384,Earl,Cox,M,71,Russia,72,Pink,Ferrari
385,Virginia,Kennedy,F,31,Belarus,99,Orange,Nissan
386,Benjamin,Ray,M,29,Croatia,114,Yellow,Mazda
387,Marie,Collins,F,35,China,115,Yellow,Lotus
388,Ralph,Thomas,M,49,Sweden,53,Yellow,Hyundai
389,Louise,Webb,F,34,Nigeria,73,Crimson,Lotus
390,Daniel,Peterson,M,34,China,93,Purple,Porsche
391,Joyce,Flores,F,55,Palestinian Territory,47,Crimson,Jeep
392,Sandra,Ortiz,F,28,Argentina,32,Maroon,Mitsubishi
393,Paula,Marshall,F,39,Sweden,96,Yellow,Volvo
394,Andrew,Gonzalez,M,75,China,91,Midnightblue,Acura
395,Craig,Reynolds,M,100,United States,43,Green,Volvo
396,Joyce,Long,F,74,Indonesia,95,Purple,Mercedes
397,Louis,Schmidt,M,29,Ukraine,40,Goldenrod,Jeep
398,Joan,Stevens,F,84,Czech Republic,113,Crimson,Honda
399,Ashley,Clark,F,97,China,64,Blue,Ferrari
400,Janet,Gardner,F,59,China,88,Midnightblue,BMW
401,Amy,Allen,F,85,Argentina,40,Purple,Jaguar
402,Thomas,Mills,M,27,Sweden,88,Yellow,Hyundai
403,Brenda,James,F,85,Philippines,86,Teal,Ford
404,Margaret,Matthews,F,23,Greece,103,Crimson,Volvo
405,Matthew,Green,M,35,Colombia,41,Green,Subaru
406,Craig,Holmes,M,61,China,98,Aquamarine,Lotus
407,Elizabeth,Johnston,F,83,Poland,78,Aquamarine,Mitsubishi
408,Judith,Richards,F,63,China,72,Purple,Volvo
409,Sean,Lopez,M,52,Slovenia,103,Yellow,BMW
410,Christina,Chapman,F,23,Brazil,98,Purple,Mitsubishi
411,Martha,Sanders,F,52,Ukraine,108,Blue,Lotus
412,Aaron,Schmidt,M,72,China,105,Maroon,Jeep
413,Wanda,Dixon,F,40,Indonesia,88,Green,Hyundai
414,Teresa,Harvey,F,68,Indonesia,51,Turquoise,Audi
415,Heather,Morris,F,89,Syria,82,Maroon,Subaru
416,Joseph,Ryan,M,41,China,101,Fuchsia,Volvo
417,Ernest,Brooks,M,97,Georgia,102,Yellow,Porsche
418,Charles,Day,M,36,Brazil,66,Crimson,Mazda
419,Angela,Ramirez,F,46,Indonesia,104,Indigo,Mitsubishi
420,Paul,James,M,49,Brazil,78,Violet,Tesla
421,Daniel,Nelson,M,30,Philippines,66,Turquoise,Honda
422,Gregory,Coleman,M,47,Namibia,98,Red,Jeep
423,Gregory,Watson,M,27,Ukraine,74,Midnightblue,Mercedes
424,Albert,Johnston,M,52,Panama,108,Crimson,Porsche
425,Carl,Butler,M,99,Vietnam,39,Green,Nissan
426,Lawrence,Romero,M,75,China,102,Peru,Ford
427,Amanda,Marshall,F,67,Pakistan,42,Red,Tesla
428,Annie,Ellis,F,87,Lebanon,110,Purple,Audi
429,Terry,Rogers,M,36,Netherlands,105,Violet,Audi
430,Joan,Frazier,F,71,China,51,Aquamarine,Lincoln
431,Jacqueline,Rice,F,43,Indonesia,72,Peru,Ford
432,Sarah,Olson,F,85,Indonesia,52,Teal,Ferrari
433,Rose,Alexander,F,28,Czech Republic,66,Crimson,Mitsubishi
434,Teresa,Bishop,F,80,Brazil,77,Violet,Acura
435,Deborah,Bradley,F,89,China,73,Crimson,Nissan
436,Katherine,Sullivan,F,96,Trinidad and Tobago,52,Peru,Jeep
437,Roy,Barnes,M,82,Peru,102,Aquamarine,Audi
438,Martha,Tucker,F,48,Portugal,120,Peru,Dodge
439,Christine,Taylor,F,35,Philippines,83,Goldenrod,Chrysler
440,Adam,Fields,M,93,Brazil,93,Teal,Subaru
441,Clarence,Snyder,M,100,Russia,81,Peru,Infinity
442,Ernest,Reyes,M,59,Paraguay,61,Red,Nissan
443,Brandon,Rodriguez,M,83,Colombia,110,Blue,Tesla
444,Annie,Wells,F,58,Cyprus,111,Yellow,Nissan
445,Ralph,Williams,M,23,Mexico,83,Turquoise,Mazda
446,Teresa,George,F,44,Russia,115,Khaki,Volvo
447,Jeffrey,Sims,M,79,Botswana,66,Fuchsia,Lincoln
448,Janet,Gutierrez,F,32,Japan,64,Aquamarine,Mitsubishi
449,Stephen,Sanders,M,51,China,108,Teal,Nissan
450,Aaron,Price,M,28,China,120,Peru,Acura
451,Cynthia,Wood,F,96,Bangladesh,44,Red,Jaguar
452,Russell,Kelly,M,57,Argentina,74,Purple,Acura
453,Deborah,Jordan,F,49,France,51,Aquamarine,Mitsubishi
454,Julie,Hall,F,58,Indonesia,80,Indigo,Hyundai
455,Ernest,Crawford,M,97,China,116,Purple,Hyundai
456,Matthew,White,M,37,Russia,52,Orange,Mitsubishi
457,Rose,Ortiz,F,87,Argentina,48,Fuchsia,Ford
458,Howard,Alexander,M,67,China,107,Red,Honda
459,Antonio,Burns,M,73,Poland,86,Aquamarine,Chrysler
460,Christina,Coleman,F,73,Ethiopia,84,Goldenrod,BMW
461,Diane,Perez,F,46,Sierra Leone,84,Crimson,Lincoln
462,Amanda,Harrison,F,61,Japan,59,Red,Mazda
463,Brandon,Henry,M,65,Ireland,66,Goldenrod,Infinity
464,Billy,Davis,M,72,Russia,89,Peru,Ferrari
465,Diana,Fox,F,68,Poland,73,Indigo,Lotus
466,Frances,Harper,F,48,Indonesia,102,Blue,Infinity
467,Russell,Anderson,M,34,China,91,Teal,Toyota
468,Lois,Williamson,F,92,China,62,Indigo,Dodge
469,Mary,Thomas,F,57,Greece,98,Crimson,Jaguar
470,Kathleen,Nelson,F,82,Indonesia,39,Pink,Infinity
471,Jonathan,Fields,M,72,China,90,Purple,Lotus
472,Roy,Murray,M,95,Netherlands,62,Green,Chrysler
473,Timothy,Berry,M,41,Sweden,116,Yellow,Chrysler
474,Bonnie,Duncan,F,47,United States,107,Purple,Mazda
475,Fred,Hicks,M,99,Serbia,84,Midnightblue,Hyundai
476,Christine,Lee,F,74,Portugal,84,Violet,Audi
477,Thomas,Henderson,M,44,Czech Republic,58,Pink,Porsche
478,Angela,Dixon,F,55,Norway,39,Red,Ferrari
479,Janice,Morales,F,72,Brazil,52,Teal,Lincoln
480,Martha,Reyes,F,63,Russia,40,Yellow,Lincoln
481,Jerry,Williams,M,34,China,37,Purple,Acura
482,Lori,Thompson,F,58,Madagascar,89,Blue,Porsche
483,Jeremy,Young,M,67,Ukraine,90,Turquoise,Ferrari
484,Jimmy,Bryant,M,99,Burkina Faso,100,Green,Acura
485,Keith,Stewart,M,76,Indonesia,39,Aquamarine,Ford
486,Emily,Brooks,F,46,France,120,Yellow,Chrysler
487,Jessica,Porter,F,98,Albania,77,Fuchsia,Infinity
488,Laura,Romero,F,99,China,34,Blue,Ford
489,David,Spencer,M,50,Indonesia,32,Purple,Dodge
490,Walter,Greene,M,41,Indonesia,48,Violet,Porsche
491,Amanda,Kim,F,97,China,101,Midnightblue,Mazda
492,Michelle,Fuller,F,54,China,30,Fuchsia,Ford
493,Aaron,Perry,M,39,Philippines,114,Fuchsia,Chrysler
494,Judith,Pierce,F,64,Panama,83,Maroon,Subaru
495,Roger,Parker,M,46,Portugal,82,Midnightblue,Acura
496,Janice,Rogers,F,66,France,77,Goldenrod,Tesla
497,Keith,Wright,M,33,Togo,103,Red,BMW
498,Mary,Collins,F,61,Sweden,64,Teal,Jaguar
499,Fred,Lewis,M,28,Japan,57,Blue,Mitsubishi
500,Amy,Graham,F,30,China,114,Orange,Jeep
501,Harold,Sims,M,75,Yemen,74,Blue,Infinity
502,Billy,Lawson,M,30,China,75,Peru,Infinity
503,Antonio,Reed,M,72,South Africa,77,Purple,Acura
504,Eugene,Mccoy,M,54,Israel,38,Blue,Mazda
505,Janice,Evans,F,39,China,99,Violet,Acura
506,Sandra,Kelly,F,57,Morocco,114,Violet,Tesla
507,Justin,Simpson,M,51,Portugal,80,Green,Jeep
508,Pamela,Carroll,F,29,Guatemala,66,Pink,Tesla
509,Louis,James,M,42,Indonesia,80,Aquamarine,Mitsubishi
510,Brian,Lawrence,M,94,Benin,90,Pink,Lincoln
511,Douglas,Allen,M,78,Indonesia,78,Goldenrod,Honda
512,Andrea,Scott,F,51,China,85,Turquoise,Lincoln
513,Carl,Jordan,M,56,South Africa,75,Pink,Tesla
514,Victor,Clark,M,74,China,102,Khaki,Infinity
515,Todd,Schmidt,M,82,China,79,Indigo,Acura
516,Walter,Price,M,28,China,41,Pink,Hyundai
517,Carl,Mcdonald,M,98,Russia,74,Goldenrod,Toyota
518,Norma,Sims,F,84,Argentina,111,Fuchsia,Toyota
519,Eric,Rodriguez,M,96,Sweden,99,Maroon,Honda
520,Howard,Marshall,M,58,Spain,32,Fuchsia,Ford
521,Robert,Cox,M,51,China,107,Indigo,Chrysler
522,Louise,Hayes,F,66,Czech Republic,102,Khaki,Ferrari
523,Marilyn,Hernandez,F,98,China,45,Pink,Ford
524,Amy,Wright,F,97,France,90,Midnightblue,Nissan
525,Julie,Gardner,F,43,United Arab Emirates,60,Turquoise,Mitsubishi
526,Marie,Chapman,F,92,China,94,Indigo,Ferrari
527,Henry,Ryan,M,28,China,100,Blue,Acura
528,Alan,Holmes,M,29,China,66,Blue,Toyota
529,Christina,Stone,F,59,Indonesia,42,Yellow,BMW
530,Todd,Montgomery,M,22,Greece,59,Blue,Ferrari
531,Jean,Washington,F,77,Brazil,34,Red,Porsche
532,Judith,Harvey,F,39,Russia,89,Peru,Nissan
533,Rebecca,Watson,F,87,Brazil,43,Crimson,Lincoln
534,Deborah,Kelly,F,22,Greece,111,Peru,Hyundai
535,Marie,Bell,F,45,Argentina,54,Goldenrod,Mercedes
536,Anna,Andrews,F,57,Russia,56,Purple,Jeep
537,Laura,Perkins,F,72,Ethiopia,75,Crimson,Lotus
538,Annie,Long,F,45,Philippines,102,Goldenrod,BMW
539,Joseph,Bennett,M,72,China,101,Violet,Hyundai
540,Donald,Fuller,M,58,Kazakhstan,100,Pink,Subaru
541,Michael,Reed,M,42,Indonesia,40,Midnightblue,Ford
542,Nicole,Kennedy,F,76,Netherlands,32,Khaki,Toyota
543,Albert,Bradley,M,78,Lithuania,68,Pink,Nissan
544,Ruby,Shaw,F,53,Morocco,120,Indigo,Mitsubishi
545,Frank,Kelley,M,74,France,120,Teal,Audi
546,Paul,Coleman,M,62,Vietnam,54,Yellow,Lotus
547,Lois,Carpenter,F,73,Malaysia,32,Yellow,Mitsubishi
548,Julie,Shaw,F,71,Albania,61,Teal,BMW
549,Fred,Frazier,M,64,Poland,111,Turquoise,Mazda
550,Lois,George,F,44,Sri Lanka,62,Blue,Toyota
551,Steven,Gordon,M,83,China,89,Purple,Ford
552,Kathleen,Montgomery,F,56,Colombia,104,Maroon,Porsche
553,Alice,Ross,F,42,Peru,52,Midnightblue,Volvo
554,Maria,Ford,F,43,Philippines,88,Orange,Nissan
555,Juan,Little,M,64,Japan,46,Midnightblue,Mazda
556,Aaron,Mason,M,70,Poland,32,Peru,Honda
557,Heather,Bennett,F,29,Philippines,32,Indigo,Ferrari
558,Theresa,Cruz,F,52,China,45,Indigo,Ferrari
559,Teresa,Kelley,F,29,China,34,Teal,Ford
560,Barbara,Thomas,F,98,China,111,Pink,Jeep
561,Mark,Gardner,M,56,China,99,Khaki,Dodge
562,Cheryl,Mills,F,33,Greece,37,Red,Audi
563,Justin,Kim,M,82,Philippines,41,Turquoise,Mercedes
564,David,Larson,M,35,United States,39,Midnightblue,Audi
565,Annie,Young,F,29,Canada,112,Yellow,Ford
566,Tina,Harrison,F,62,Indonesia,46,Red,Porsche
567,Terry,Crawford,M,39,Portugal,79,Blue,Nissan
568,Rachel,Jenkins,F,58,Kyrgyzstan,104,Teal,Acura
569,Wanda,Romero,F,33,Pakistan,30,Red,Ford
570,Susan,Armstrong,F,97,Portugal,113,Peru,Volvo
571,Evelyn,Richardson,F,30,Cuba,91,Turquoise,Infinity
572,Lawrence,Russell,M,38,Mongolia,59,Teal,Subaru
573,Justin,Kelley,M,41,Azerbaijan,66,Purple,Jeep
574,Diana,Hart,F,21,Portugal,71,Khaki,Lincoln
575,David,Lane,M,22,China,58,Blue,Chrysler
576,Steven,Russell,M,64,Brazil,41,Teal,Chrysler
577,Joshua,Nelson,M,25,Ethiopia,86,Indigo,Subaru
578,Deborah,Gonzalez,F,93,Ukraine,110,Yellow,Jeep
579,Shirley,Chapman,F,58,Portugal,33,Crimson,Jaguar
580,Pamela,Porter,F,53,Russia,118,Khaki,Acura
581,Patricia,Greene,F,86,Iran,40,Yellow,Nissan
582,Irene,Allen,F,30,Poland,42,Green,BMW
583,Paula,Boyd,F,27,Indonesia,116,Pink,Ferrari
584,William,Green,M,46,Poland,120,Crimson,Chrysler
585,Helen,Payne,F,63,Kuwait,99,Purple,Jeep
586,Carl,Phillips,M,95,Thailand,59,Teal,Hyundai
587,Norma,Cruz,F,25,Nicaragua,83,Orange,Toyota
588,Virginia,Daniels,F,84,China,69,Peru,BMW
589,Edward,Meyer,M,40,Cameroon,100,Indigo,Lotus
590,Barbara,Campbell,F,74,Philippines,40,Crimson,Lincoln
591,Willie,Jordan,M,22,Philippines,41,Violet,Audi
592,Phillip,Howell,M,32,Morocco,115,Teal,Porsche
593,Donna,Nelson,F,45,Colombia,41,Maroon,Audi
594,Marilyn,Garrett,F,26,China,78,Pink,Acura
595,Sara,Hart,F,62,Lithuania,59,Red,Honda
596,Dennis,White,M,23,Portugal,58,Turquoise,Mazda
597,Johnny,Carter,M,37,Russia,39,Midnightblue,Jeep
598,Bonnie,Fields,F,88,Portugal,106,Khaki,Ferrari
599,Harold,Moreno,M,29,China,70,Blue,Honda
600,Evelyn,Wells,F,50,Japan,119,Indigo,Mitsubishi
601,Evelyn,Garrett,F,53,China,116,Indigo,Jaguar
602,Jessica,Williams,F,35,Poland,71,Aquamarine,Lincoln
603,Fred,Stanley,M,51,Honduras,41,Yellow,Volvo
604,Patricia,Wells,F,74,Sweden,57,Khaki,Lincoln
605,Sara,Perry,F,92,Portugal,31,Purple,Volvo
606,Brian,Moore,M,46,Indonesia,32,Aquamarine,Ferrari
607,Cynthia,Smith,F,92,Philippines,112,Blue,Ferrari
608,Louis,Henderson,M,32,Portugal,112,Purple,Mazda
609,Eric,Tucker,M,46,Japan,91,Yellow,Infinity
610,Terry,Kennedy,M,26,Indonesia,86,Yellow,Subaru
611,Albert,Sullivan,M,92,Colombia,50,Peru,Lotus
612,Eric,Day,M,78,China,65,Goldenrod,Honda
613,Roger,Powell,M,94,China,97,Pink,Ferrari
614,Stephanie,Wilson,F,57,Venezuela,114,Midnightblue,Mazda
615,Edward,Olson,M,37,China,104,Fuchsia,Audi
616,Donna,Jackson,F,97,Indonesia,50,Yellow,Volvo
617,Gregory,Lynch,M,59,Indonesia,102,Turquoise,Mazda
618,Terry,Chavez,M,75,China,74,Purple,Mazda
619,Kelly,Flores,F,70,Thailand,74,Crimson,Nissan
620,Bruce,Lopez,M,74,China,64,Indigo,Ford
621,Johnny,Murphy,M,21,China,94,Goldenrod,Honda
622,Andrew,Duncan,M,81,Uruguay,32,Aquamarine,Nissan
623,Carl,Mccoy,M,26,China,113,Violet,Tesla
624,Wanda,Adams,F,81,Russia,80,Turquoise,Acura
625,Annie,Young,F,84,Philippines,73,Peru,Toyota
626,Earl,Riley,M,58,Indonesia,95,Maroon,Dodge
627,Jason,Sims,M,90,Finland,64,Pink,Nissan
628,Mark,Porter,M,35,Venezuela,41,Blue,Subaru
629,Randy,Reed,M,34,Russia,75,Indigo,Jeep
630,Carlos,Hansen,M,57,Philippines,61,Maroon,Hyundai
631,Patricia,Nichols,F,91,Indonesia,77,Aquamarine,Ferrari
632,Sara,Scott,F,27,Egypt,108,Maroon,BMW
633,Angela,Woods,F,72,Poland,91,Red,Ford
634,Carolyn,Martinez,F,33,France,75,Maroon,Mercedes
635,Kimberly,Peters,F,71,Nigeria,54,Blue,Mercedes
636,Earl,Parker,M,76,Indonesia,63,Aquamarine,Audi
637,Louis,Lewis,M,74,China,107,Indigo,Dodge
638,Jack,Smith,M,36,Indonesia,73,Pink,Jaguar
639,Mark,Gomez,M,70,Brazil,54,Crimson,Subaru
640,Bruce,Rivera,M,80,Vietnam,35,Goldenrod,Chrysler
641,Elizabeth,Daniels,F,92,South Korea,86,Goldenrod,Tesla
642,Evelyn,Williamson,F,28,Lebanon,36,Red,Subaru
643,Chris,Lopez,M,44,Guatemala,110,Midnightblue,Mercedes
644,Emily,Scott,F,41,Indonesia,114,Purple,Tesla
645,John,Henderson,M,83,Russia,35,Indigo,Porsche
646,Arthur,Hicks,M,96,France,120,Violet,Nissan
647,Paula,Morgan,F,29,Ukraine,39,Green,Infinity
648,Beverly,Shaw,F,49,Azerbaijan,41,Aquamarine,Mercedes
649,Edward,Johnson,M,63,Philippines,102,Red,Toyota
650,Martin,Bennett,M,75,China,31,Turquoise,Jaguar
651,Joan,Scott,F,91,Finland,106,Maroon,Infinity
652,Jason,Hernandez,M,34,Pakistan,120,Maroon,Mitsubishi
653,Emily,Campbell,F,76,Libya,75,Blue,Jaguar
654,Judy,Freeman,F,97,China,113,Midnightblue,BMW
655,Catherine,Harrison,F,38,Brazil,104,Fuchsia,Ford
656,Annie,Harris,F,92,China,93,Crimson,Ferrari
657,Deborah,Reid,F,69,China,45,Orange,Lincoln
658,Nicole,Fernandez,F,34,China,54,Khaki,Subaru
659,Tammy,Peters,F,29,Japan,89,Turquoise,Tesla
660,Ruby,Hicks,F,88,China,111,Pink,Volvo
661,Nicholas,Wheeler,M,60,Armenia,112,Yellow,Honda
662,Norma,Freeman,F,47,Indonesia,44,Violet,Dodge
663,John,Wells,M,66,Philippines,94,Goldenrod,Infinity
664,Ronald,Garza,M,47,Somalia,82,Fuchsia,Nissan
665,Antonio,Lynch,M,68,Sweden,45,Orange,Ferrari
666,Kathy,Ray,F,49,China,66,Maroon,Ferrari
667,Jeremy,Ellis,M,80,China,33,Orange,Audi
668,Annie,Barnes,F,67,China,99,Peru,Honda
669,Douglas,Miller,M,53,Portugal,118,Blue,Jaguar
670,Samuel,Simpson,M,73,Canada,114,Blue,Porsche
671,George,Knight,M,87,China,36,Orange,Mercedes
672,Paul,Howard,M,61,Japan,33,Maroon,Lotus
673,Rose,Richardson,F,89,United States,84,Crimson,Mitsubishi
674,Rachel,Bell,F,81,China,69,Indigo,Nissan
675,Carl,Jacobs,M,47,Mexico,115,Yellow,Hyundai
676,Helen,Fernandez,F,28,Micronesia,72,Pink,Nissan
677,Jose,Berry,M,45,China,81,Blue,Ford
678,Juan,Kelley,M,78,Greece,114,Indigo,Audi
679,Victor,Bradley,M,75,Yemen,43,Blue,Jaguar
680,Wanda,Duncan,F,62,United States,43,Aquamarine,Mercedes
681,Kimberly,Fernandez,F,49,Thailand,68,Green,Mitsubishi
682,Lori,Martin,F,76,Greece,37,Khaki,Honda
683,Karen,Chavez,F,22,Madagascar,102,Indigo,Ford
684,Pamela,Stevens,F,35,China,94,Red,Jeep
685,Michael,Jordan,M,58,Portugal,62,Red,Subaru
686,Paula,Green,F,76,Mexico,73,Orange,Jeep
687,Ann,Elliott,F,55,Indonesia,55,Khaki,Jaguar
688,Mark,Day,M,87,Japan,109,Khaki,Chrysler
689,Justin,Weaver,M,44,China,82,Red,Dodge
690,Elizabeth,Crawford,F,42,Ukraine,102,Fuchsia,Audi
691,Steven,Stephens,M,76,Zambia,41,Turquoise,Honda
692,Catherine,James,F,81,Malta,78,Peru,Hyundai
693,Mark,Ford,M,37,Pakistan,110,Red,Ferrari
694,Mark,Palmer,M,84,Philippines,73,Green,Audi
695,Arthur,Garrett,M,36,Tunisia,58,Yellow,Porsche
696,Brian,Moore,M,36,China,119,Violet,Nissan
697,Clarence,Stevens,M,60,Philippines,42,Indigo,Mazda
698,Shirley,Matthews,F,46,Indonesia,116,Crimson,Hyundai
699,Samuel,Brooks,M,95,Poland,102,Violet,Mercedes
700,Kenneth,Edwards,M,33,Mongolia,33,Teal,Lotus
701,Ruby,Fuller,F,70,Russia,112,Peru,Mercedes
702,Carolyn,Simpson,F,29,Hungary,42,Maroon,Lincoln
703,Sean,Matthews,M,73,Tunisia,72,Pink,BMW
704,Juan,Johnston,M,81,South Africa,63,Pink,Subaru
705,Jeffrey,Ramos,M,87,Brazil,31,Peru,Chrysler
706,Anne,Armstrong,F,67,China,35,Aquamarine,Hyundai
707,David,Baker,M,86,China,50,Yellow,Toyota
708,John,Anderson,M,62,Serbia,67,Red,Mercedes
709,Stephen,Arnold,M,57,Canada,53,Indigo,Ford
710,Gary,Gomez,M,42,Ecuador,36,Indigo,Toyota
711,Louis,Gray,M,22,Argentina,113,Crimson,Nissan
712,Jose,Green,M,74,Mexico,66,Green,Infinity
713,Nancy,Snyder,F,50,China,96,Goldenrod,Toyota
714,Jane,Garza,F,48,Russia,117,Crimson,Chrysler
715,Heather,Lee,F,68,Ivory Coast,39,Yellow,Tesla
716,Susan,Torres,F,95,Brazil,69,Pink,Jaguar
717,Jennifer,Grant,F,69,Thailand,109,Khaki,Lotus
718,Diane,Davis,F,60,Morocco,99,Fuchsia,Nissan
719,Shawn,Carter,M,92,Brazil,109,Yellow,Toyota
720,Alice,Washington,F,87,Indonesia,59,Green,Ford
721,Annie,Hughes,F,71,Indonesia,38,Midnightblue,Tesla
722,Howard,Davis,M,36,Kosovo,87,Red,Acura
723,Michael,Collins,M,72,Iran,62,Green,Lotus
724,Philip,Fernandez,M,69,Comoros,74,Midnightblue,Nissan
725,Jessica,Kelly,F,40,Greece,55,Orange,Ferrari
726,Benjamin,Gordon,M,56,Pakistan,63,Red,Tesla
727,Dorothy,Mitchell,F,88,Canada,58,Teal,Subaru
728,Lawrence,Baker,M,97,Thailand,30,Fuchsia,Porsche
729,Martin,Morgan,M,60,Portugal,112,Teal,Honda
730,Eugene,Riley,M,65,China,36,Aquamarine,Mitsubishi
731,Frances,Bryant,F,62,Philippines,117,Crimson,Jaguar
732,Norma,Porter,F,56,Indonesia,118,Khaki,Toyota
733,Michael,Green,M,24,Canada,63,Midnightblue,Porsche
734,Judy,Scott,F,53,Philippines,69,Blue,Subaru
735,Tammy,Howell,F,49,Poland,78,Red,Lotus
736,Raymond,Stevens,M,88,China,53,Violet,Mercedes
737,Roger,Hamilton,M,48,Philippines,101,Khaki,Subaru
738,Mary,Fisher,F,64,China,86,Red,Ford
739,Jimmy,Lewis,M,34,China,53,Green,Subaru
740,John,Alexander,M,83,Thailand,53,Blue,Ford
741,Judy,Simpson,F,39,Indonesia,81,Orange,Mercedes
742,Jason,Hill,M,53,China,58,Indigo,Mitsubishi
743,Tammy,Burns,F,60,Burundi,35,Orange,Ford
744,Billy,Larson,M,88,Cuba,70,Red,Toyota
745,Michael,Cooper,M,75,Uzbekistan,48,Violet,Subaru
746,Denise,Montgomery,F,89,Tajikistan,36,Aquamarine,Acura
747,Frances,Roberts,F,88,Sudan,81,Peru,Audi
748,Albert,Russell,M,68,Belarus,51,Aquamarine,Chrysler
749,Marie,Wright,F,73,Philippines,34,Blue,Volvo
750,Joyce,Bishop,F,64,Indonesia,46,Violet,Lincoln
751,Joe,Cole,M,79,Indonesia,33,Orange,Nissan
752,Carl,Ray,M,85,Peru,115,Blue,Lincoln
753,Jane,Williams,F,83,Peru,74,Teal,Jeep
754,Jeremy,Griffin,M,99,Philippines,91,Green,Infinity
755,Rose,Bryant,F,66,Malaysia,41,Teal,Ford
756,Jack,Lawson,M,34,France,100,Indigo,Acura
757,Lisa,Owens,F,28,China,74,Peru,Jaguar
758,Wanda,George,F,56,Philippines,112,Turquoise,Lincoln
759,Angela,Adams,F,84,Italy,99,Indigo,Mercedes
760,Benjamin,Reed,M,68,China,60,Purple,Jaguar
761,Charles,Ray,M,80,Indonesia,36,Yellow,Chrysler
762,Ralph,Fowler,M,31,Ireland,44,Peru,Nissan
763,Steve,Howard,M,65,Russia,39,Indigo,Audi
764,Harry,Garcia,M,21,Sweden,96,Turquoise,Audi
765,Stephanie,Gutierrez,F,23,Indonesia,31,Yellow,Infinity
766,Jean,Hart,F,100,Sri Lanka,38,Khaki,Subaru
767,Teresa,Gardner,F,75,China,87,Orange,Hyundai
768,Edward,Greene,M,63,Peru,57,Crimson,Subaru
769,Matthew,Young,M,22,Norway,41,Midnightblue,Tesla
770,Nicholas,Montgomery,M,68,Greece,70,Midnightblue,Mitsubishi
771,Kimberly,Freeman,F,35,Bosnia and Herzegovina,104,Yellow,Dodge
772,Judy,Welch,F,70,Japan,77,Crimson,Lincoln
773,Carlos,Campbell,M,35,Brazil,43,Peru,Nissan
774,Earl,Rodriguez,M,100,Indonesia,62,Pink,Jeep
775,Daniel,Wilson,M,59,Kosovo,92,Turquoise,Nissan
776,Clarence,Hamilton,M,29,Philippines,114,Aquamarine,Mazda
777,Jesse,Johnston,M,75,Indonesia,39,Crimson,BMW
778,Bobby,Fox,M,30,Albania,119,Goldenrod,Ferrari
779,Wanda,Morales,F,74,Angola,39,Aquamarine,Acura
780,Kathryn,Jacobs,F,100,Armenia,53,Orange,Jaguar
781,Peter,Harris,M,50,China,57,Peru,Chrysler
782,Mary,Wheeler,F,76,Ecuador,30,Green,Mazda
783,Amanda,Robertson,F,29,United States,46,Midnightblue,Dodge
784,Debra,Johnston,F,88,United States,39,Yellow,Dodge
785,Julie,Morales,F,34,Vietnam,83,Peru,Ford
786,Harold,Wallace,M,25,Portugal,63,Teal,BMW
787,Ann,Webb,F,64,Ireland,59,Goldenrod,Honda
788,Barbara,Hunt,F,59,Chile,100,Goldenrod,Jaguar
789,Amy,Wright,F,55,Albania,75,Peru,Lotus
790,Susan,Dixon,F,58,Russia,79,Fuchsia,Subaru
791,James,Wallace,M,42,France,109,Yellow,Ford
792,Terry,Hughes,M,29,Indonesia,92,Yellow,Ferrari
793,Craig,Burns,M,91,Somalia,51,Fuchsia,Tesla
794,Scott,Knight,M,49,Portugal,39,Blue,Mercedes
795,Ann,Reyes,F,66,Indonesia,80,Blue,Acura
796,Lois,Hughes,F,76,Portugal,80,Purple,Mercedes
797,Raymond,Stanley,M,37,China,31,Khaki,Hyundai
798,Sarah,Olson,F,60,China,36,Indigo,Toyota
799,Michael,Richardson,M,87,Poland,70,Midnightblue,Ford
800,Amy,Robertson,F,53,Bosnia and Herzegovina,104,Maroon,Volvo
801,Phillip,Pierce,M,44,Albania,36,Yellow,Audi
802,Harry,Stevens,M,24,Indonesia,59,Blue,Chrysler
803,Deborah,Long,F,85,Philippines,36,Violet,Nissan
804,Russell,Reed,M,60,China,102,Red,Dodge
805,Aaron,Bradley,M,66,Philippines,51,Yellow,Porsche
806,Gerald,Graham,M,26,China,30,Peru,Acura
807,Wanda,Hall,F,74,France,108,Violet,Dodge
808,Steve,Gomez,M,85,China,108,Crimson,Lincoln
809,Judith,Medina,F,40,Palestinian Territory,118,Turquoise,Hyundai
810,Charles,Morrison,M,22,Uzbekistan,111,Pink,Subaru
811,Andrew,Meyer,M,30,Indonesia,106,Orange,Jeep
812,Henry,Howard,M,63,Indonesia,47,Turquoise,Hyundai
813,Theresa,Fernandez,F,90,Indonesia,74,Purple,BMW
814,Diane,Martin,F,72,China,116,Orange,Infinity
815,Michael,Ramirez,M,61,China,83,Red,Toyota
816,Jacqueline,Fisher,F,99,China,96,Turquoise,Tesla
817,Joyce,Palmer,F,25,United States,32,Khaki,Infinity
818,Michael,Vasquez,M,98,Tunisia,34,Green,Mercedes
819,Janet,Weaver,F,94,Brazil,98,Indigo,Ford
820,Lori,Edwards,F,50,Venezuela,82,Peru,Hyundai
821,Charles,Nguyen,M,42,Kosovo,92,Red,Porsche
822,Barbara,Alvarez,F,84,Greece,78,Khaki,Acura
823,Norma,Owens,F,26,United States,53,Violet,Dodge
824,George,Cooper,M,75,Japan,66,Orange,Mitsubishi
825,Shirley,Ward,F,54,Mauritius,99,Orange,Subaru
826,Donald,Ramos,M,25,Indonesia,35,Pink,Acura
827,Jean,Garrett,F,37,China,81,Violet,Ferrari
828,Jesse,Hansen,M,51,Mexico,38,Fuchsia,Chrysler
829,Mark,Chavez,M,73,Ireland,39,Fuchsia,Tesla
830,Gregory,Harrison,M,85,Latvia,103,Crimson,Hyundai
831,Jesse,Gardner,M,39,Indonesia,40,Red,Ford
832,Diana,Lee,F,90,China,89,Khaki,Acura
833,Douglas,Berry,M,89,China,78,Red,Lincoln
834,Joseph,Welch,M,38,Philippines,106,Blue,Chrysler
835,Judy,Watkins,F,23,Egypt,68,Midnightblue,Ferrari
836,Diana,Cunningham,F,50,China,35,Yellow,Acura
837,Ralph,Lee,M,50,Georgia,56,Violet,Porsche
838,David,Sims,M,29,Poland,45,Khaki,Acura
839,Christina,Edwards,F,53,Sweden,87,Indigo,Volvo
840,Donald,Garrett,M,52,Russia,98,Orange,Ford
841,Benjamin,Stevens,M,57,France,107,Blue,Mazda
842,Bobby,Hill,M,78,Chile,93,Crimson,Tesla
843,Juan,Ellis,M,29,Indonesia,83,Purple,Acura
844,Alan,Duncan,M,55,Philippines,110,Goldenrod,Lincoln
845,Cynthia,Stone,F,23,China,113,Pink,Chrysler
846,Robert,Simpson,M,65,Brazil,47,Blue,Acura
847,Anna,Garcia,F,21,Indonesia,52,Orange,Mitsubishi
848,James,Jones,M,89,Sweden,93,Violet,Jeep
849,Denise,Jackson,F,35,Yemen,113,Purple,Audi
850,Victor,Sanders,M,76,China,114,Green,Mitsubishi
851,Gregory,Ford,M,30,Indonesia,111,Teal,Lincoln
852,Benjamin,Green,M,64,China,50,Green,Lotus
853,Gloria,Porter,F,75,Egypt,98,Peru,Porsche
854,Matthew,Simpson,M,21,Poland,107,Violet,Toyota
855,Michelle,Vasquez,F,72,China,43,Yellow,Dodge
856,Marilyn,Webb,F,52,South Africa,63,Goldenrod,Mazda
857,Lillian,Dean,F,39,Canada,94,Goldenrod,Dodge
858,Jack,West,M,48,Poland,67,Midnightblue,Dodge
859,Sandra,Jacobs,F,45,Poland,84,Indigo,Audi
860,Victor,Shaw,M,59,Philippines,92,Fuchsia,Ferrari
861,Clarence,Hunt,M,59,China,84,Violet,Subaru
862,James,Kelly,M,77,China,35,Green,Toyota
863,Steve,Grant,M,22,Ukraine,32,Violet,Nissan
864,Elizabeth,Murphy,F,48,Malaysia,64,Red,Infinity
865,Clarence,Burke,M,70,Philippines,50,Green,Jaguar
866,Heather,Hawkins,F,27,Indonesia,100,Yellow,Honda
867,Theresa,Ryan,F,82,Greece,86,Turquoise,Tesla
868,Rose,Banks,F,28,China,72,Fuchsia,Audi
869,Earl,Alvarez,M,59,China,46,Peru,Honda
870,Lillian,Romero,F,39,Indonesia,35,Aquamarine,Ford
871,Beverly,Marshall,F,42,Macedonia,71,Turquoise,Ferrari
872,Frank,Phillips,M,100,Colombia,73,Maroon,BMW
873,Maria,Shaw,F,77,Philippines,103,Turquoise,Nissan
874,Russell,Henderson,M,78,China,98,Yellow,Honda
875,Laura,Chapman,F,40,Argentina,47,Green,Porsche
876,Phyllis,Garcia,F,39,Norway,115,Purple,BMW
877,Laura,George,F,100,China,113,Crimson,Ford
878,Shirley,Carr,F,57,Indonesia,58,Maroon,Mazda
879,Michael,Morales,M,77,Albania,97,Yellow,Toyota
880,Nicholas,Wells,M,84,Japan,86,Turquoise,Ferrari
881,Debra,Carpenter,F,42,Nigeria,106,Teal,Acura
882,Edward,Jackson,M,77,Russia,53,Maroon,BMW
883,Patricia,Hall,F,38,Sweden,86,Midnightblue,Mazda
884,Steve,Wells,M,28,Australia,30,Yellow,Toyota
885,Joan,Burns,F,71,Japan,77,Fuchsia,Lincoln
886,Karen,Morrison,F,75,Nigeria,71,Goldenrod,Lotus
887,Nicole,Burton,F,50,Indonesia,78,Crimson,Mercedes
888,Gerald,Ellis,M,48,Dominican Republic,80,Aquamarine,Toyota
889,Joan,Lynch,F,41,Portugal,87,Green,Ford
890,Katherine,Edwards,F,88,Vietnam,37,Orange,Acura
891,Susan,Larson,F,27,Ukraine,46,Violet,Jaguar
892,Ruth,Sims,F,49,Honduras,44,Pink,Audi
893,Rebecca,Warren,F,51,China,96,Teal,Hyundai
894,Roger,Wells,M,35,Sierra Leone,90,Fuchsia,Dodge
895,Lawrence,Foster,M,85,Central African Republic,99,Green,Subaru
896,Edward,Lane,M,40,North Korea,65,Blue,Mercedes
897,Ernest,Arnold,M,53,Portugal,67,Crimson,Lotus
898,Jessica,Hamilton,F,58,Saudi Arabia,96,Red,Hyundai
899,Charles,Matthews,M,59,China,54,Peru,Ferrari
900,Paula,Armstrong,F,96,Uzbekistan,102,Purple,Jeep
901,Helen,Banks,F,79,Nigeria,84,Fuchsia,Mitsubishi
902,Billy,Rice,M,73,United States,95,Yellow,Lincoln
903,Theresa,Wheeler,F,58,Indonesia,92,Khaki,Hyundai
904,Janice,Armstrong,F,67,Philippines,44,Green,Subaru
905,Joe,Hernandez,M,66,China,93,Yellow,Nissan
906,Brenda,Stevens,F,90,Czech Republic,89,Violet,Infinity
907,Sharon,Thomas,F,40,Poland,40,Crimson,Jeep
908,Louise,Williams,F,58,Poland,74,Indigo,BMW
909,Kathleen,Wheeler,F,88,Tanzania,40,Teal,Jeep
910,Justin,Carter,M,86,Peru,44,Blue,Mercedes
911,Louis,Rodriguez,M,27,Russia,50,Pink,Jaguar
912,Julia,Gardner,F,45,China,87,Crimson,Mitsubishi
913,Willie,Nguyen,M,84,China,110,Fuchsia,Honda
914,Ann,Larson,F,40,Indonesia,108,Pink,BMW
915,Christopher,Smith,M,68,Canada,78,Aquamarine,Ford
916,Evelyn,Sullivan,F,78,Indonesia,109,Violet,Nissan
917,Christine,Flores,F,89,China,106,Aquamarine,Subaru
918,Brenda,Roberts,F,89,Nigeria,43,Pink,Jeep
919,Phillip,Simmons,M,31,China,108,Violet,Acura
920,Shawn,Richards,M,89,Brazil,107,Green,Ferrari
921,Carl,Stewart,M,30,Indonesia,33,Goldenrod,Lincoln
922,Randy,Richards,M,73,Tunisia,54,Red,Chrysler
923,Johnny,Arnold,M,26,Gabon,81,Violet,Chrysler
924,William,Bishop,M,48,Dominican Republic,79,Crimson,BMW
925,Bobby,Perez,M,76,Thailand,70,Indigo,Jaguar
926,Johnny,Price,M,90,Philippines,63,Violet,Lincoln
927,Michael,Oliver,M,37,Russia,30,Purple,Dodge
928,Janet,Brooks,F,32,Palestinian Territory,112,Fuchsia,Mitsubishi
929,Jennifer,Daniels,F,56,Indonesia,40,Blue,Lotus
930,Margaret,Jenkins,F,51,Philippines,40,Red,Jaguar
931,Debra,Miller,F,35,United States,91,Green,Jeep
932,Jerry,Parker,M,62,Philippines,30,Indigo,Infinity
933,Timothy,Nguyen,M,66,Philippines,62,Orange,Infinity
934,Diane,Washington,F,83,Philippines,117,Crimson,Acura
935,Gloria,Hall,F,96,Russia,84,Green,Mercedes
936,Kimberly,Barnes,F,62,Indonesia,99,Orange,Acura
937,Sarah,Graham,F,68,China,72,Turquoise,Porsche
938,Martha,Gomez,F,81,China,96,Maroon,Lincoln
939,Marilyn,Gray,F,54,China,95,Orange,Subaru
940,Virginia,Hayes,F,46,Indonesia,93,Maroon,Infinity
941,Tammy,Black,F,26,Cameroon,45,Green,Ford
942,Paul,Brooks,M,66,Honduras,51,Purple,Mitsubishi
943,Kimberly,Jacobs,F,58,Indonesia,63,Pink,Tesla
944,Melissa,Davis,F,85,Chad,83,Khaki,BMW
945,Patricia,Hunter,F,64,Brazil,53,Turquoise,Nissan
946,Alan,Flores,M,94,Poland,120,Teal,Hyundai
947,Jason,Mcdonald,M,48,Peru,101,Peru,Jaguar
948,Jesse,Burns,M,41,Philippines,60,Yellow,Porsche
949,Elizabeth,Porter,F,33,Russia,85,Goldenrod,Mazda
950,Ann,Russell,F,55,Guadeloupe,83,Orange,Acura
951,Denise,Baker,F,72,Indonesia,104,Maroon,Mazda
952,Paula,Medina,F,81,Philippines,109,Khaki,Volvo
953,Roy,Hughes,M,89,Indonesia,89,Crimson,Ferrari
954,Kathleen,Hansen,F,30,Philippines,83,Violet,Lotus
955,Joseph,Powell,M,25,Greece,66,Orange,Nissan
956,Mary,Fowler,F,22,Portugal,119,Pink,Nissan
957,Carol,Holmes,F,21,Poland,37,Blue,Nissan
958,Kathy,Oliver,F,70,Russia,92,Peru,Audi
959,Elizabeth,Cruz,F,59,Indonesia,82,Khaki,Lincoln
960,Lori,Brown,F,40,China,51,Aquamarine,Infinity
961,Marilyn,Rivera,F,32,Indonesia,75,Teal,Mercedes
962,Timothy,Hughes,M,32,Poland,64,Fuchsia,Porsche
963,Nicole,Parker,F,83,Indonesia,105,Yellow,Mitsubishi
964,Anthony,Barnes,M,37,Reunion,97,Orange,BMW
965,Sara,Nguyen,F,48,Tanzania,89,Teal,Mazda
966,Billy,Perez,M,81,China,94,Aquamarine,Jeep
967,Lisa,James,F,81,Cameroon,46,Orange,Ferrari
968,Lawrence,Webb,M,33,Vietnam,79,Green,Lincoln
969,Gary,Fisher,M,47,United States,80,Teal,Jeep
970,Nicole,Ray,F,81,Portugal,110,Teal,Mercedes
971,Andrea,Carr,F,63,Slovenia,92,Khaki,BMW
972,Paul,Fields,M,74,Russia,35,Khaki,Hyundai
973,Ann,Austin,F,26,France,43,Purple,Porsche
974,Joseph,Palmer,M,52,Philippines,81,Indigo,Audi
975,Eugene,Burton,M,84,Poland,100,Peru,Honda
976,Sandra,Arnold,F,52,Russia,58,Orange,Honda
977,Gary,Day,M,52,China,41,Red,Tesla
978,Alice,Hernandez,F,100,Brazil,64,Peru,Jeep
979,Jane,Gordon,F,89,Argentina,56,Pink,Porsche
980,Antonio,Washington,M,39,Colombia,44,Green,Chrysler
981,Diane,Morris,F,86,Philippines,78,Purple,Lincoln
982,Frances,Campbell,F,47,Kazakhstan,100,Red,Subaru
983,Samuel,Mason,M,53,Russia,51,Crimson,Jaguar
984,Shawn,Romero,M,86,China,91,Goldenrod,Honda
985,Phyllis,Cunningham,F,50,Nigeria,72,Peru,Jaguar
986,Ryan,Turner,M,70,Canada,93,Goldenrod,Jaguar
987,Tammy,Rice,F,38,China,74,Midnightblue,Hyundai
988,Christine,Marshall,F,96,Brazil,83,Goldenrod,Tesla
989,Chris,Cox,M,86,Dominican Republic,114,Maroon,Infinity
990,Craig,Austin,M,82,Ukraine,54,Teal,Lincoln
991,Phyllis,Moreno,F,78,Colombia,41,Orange,Ford
992,Ernest,Holmes,M,43,Portugal,80,Goldenrod,Hyundai
993,Phillip,Fisher,M,21,Russia,89,Yellow,Volvo
994,Christine,Gibson,F,78,Colombia,98,Violet,Infinity
995,Louise,Diaz,F,94,Poland,106,Fuchsia,Infinity
996,Kathryn,Knight,F,25,Indonesia,53,Midnightblue,Hyundai
997,Shawn,Sims,M,28,Mali,86,Crimson,Audi
998,Scott,Phillips,M,79,Indonesia,35,Indigo,BMW
999,Howard,Day,M,83,Tanzania,92,Pink,Porsche
1000,Teresa,Hawkins,F,50,China,60,Midnightblue,Subaru
