ID,Prenom,Nom,Sexe,Age,CouleurVoiture
1,Howard,Thomas,M,66,Orange
2,Bonnie,Ryan,F,70,Peru
3,Beverly,Bennett,F,64,Turquoise
4,Anna,Wagner,F,53,Peru
5,Evelyn,Turner,F,58,Red
6,Jeremy,Scott,M,83,Red
7,Kathy,Simmons,F,89,Fuchsia
8,Gloria,Davis,F,50,Yellow
9,Teresa,Torres,F,93,Maroon
10,Matthew,Bishop,M,52,Red
11,Patricia,Moreno,F,25,Purple
12,Lillian,Matthews,F,48,Crimson
13,William,Mills,M,24,Crimson
14,George,Larson,M,56,Maroon
15,Timothy,Howard,M,81,Khaki
16,Eric,Medina,M,64,Midnightblue
17,Janet,Ramos,F,75,Pink
18,Joshua,Williamson,M,39,Orange
19,Shirley,Hernandez,F,48,Purple
20,Jonathan,Rodriguez,M,22,Blue
21,Susan,Wheeler,F,61,Yellow
22,Keith,Gutierrez,M,32,Peru
23,Robert,Walker,M,68,Turquoise
24,Brandon,Willis,M,93,Crimson
25,Gary,Lane,M,81,Teal
26,Kathleen,Phillips,F,66,Violet
27,Phillip,Jones,M,41,Pink
28,Linda,Snyder,F,94,Goldenrod
29,Todd,Austin,M,86,Red
30,Ernest,Green,M,36,Maroon
31,Roy,Weaver,M,38,Violet
32,Thomas,Rogers,M,53,Fuchsia
33,Russell,Kim,M,48,Teal
34,Rebecca,Porter,F,43,Indigo
35,Patrick,Larson,M,25,Khaki
36,Juan,Reed,M,42,Purple
37,Clarence,Tucker,M,36,Teal
38,Samuel,Baker,M,42,Blue
39,Keith,Matthews,M,96,Green
40,Michael,Jackson,M,88,Turquoise
41,Jane,Riley,F,29,Blue
42,Jacqueline,Martinez,F,96,Pink
43,Kathryn,Fox,F,80,Midnightblue
44,Laura,Weaver,F,74,Green
45,Kevin,Bell,M,84,Fuchsia
46,Fred,Bryant,M,53,Turquoise
47,Donna,Mills,F,65,Peru
48,Laura,Simmons,F,62,Fuchsia
49,Ashley,Morales,F,43,Crimson
50,Joshua,Henderson,M,50,Khaki
51,Martin,Palmer,M,54,Indigo
52,Kathleen,Hicks,F,88,Pink
53,Ryan,Cole,M,77,Yellow
54,Gloria,Peters,F,89,Peru
55,Peter,Lee,M,84,Green
56,Anthony,Reid,M,59,Orange
57,Susan,Burton,F,63,Khaki
58,Catherine,Watson,F,95,Indigo
59,Karen,Long,F,36,Yellow
60,Deborah,Garcia,F,99,Turquoise
61,Jonathan,Jackson,M,92,Fuchsia
62,Jimmy,Kennedy,M,75,Turquoise
63,Nicole,Perry,F,44,Crimson
64,Mary,Long,F,61,Peru
65,Alan,Black,M,32,Yellow
66,David,Peters,M,25,Yellow
67,Helen,Powell,F,56,Yellow
68,James,Jackson,M,98,Maroon
69,Juan,Carter,M,90,Midnightblue
70,Brandon,Harrison,M,99,Peru
71,Katherine,Stanley,F,30,Turquoise
72,Maria,Roberts,F,83,Violet
73,Bonnie,Wood,F,95,Crimson
74,Gloria,Powell,F,39,Turquoise
75,Lawrence,Wilson,M,73,Turquoise
76,Ann,Romero,F,77,Midnightblue
77,Sarah,Burke,F,71,Fuchsia
78,Sharon,Burton,F,28,Teal
79,Christine,Wallace,F,89,Crimson
80,Carlos,Howell,M,45,Aquamarine
81,Edward,Kelly,M,34,Aquamarine
82,Willie,Hicks,M,28,Red
83,Martin,Howell,M,44,Midnightblue
84,Michelle,Fuller,F,64,Crimson
85,Susan,Rodriguez,F,72,Maroon
86,Julie,Gordon,F,72,Pink
87,Julie,Johnson,F,33,Peru
88,Phyllis,Stephens,F,60,Purple
89,Denise,Campbell,F,92,Goldenrod
90,Wanda,Gordon,F,21,Maroon
91,Laura,Marshall,F,56,Crimson
92,Jonathan,Fowler,M,95,Blue
93,George,Gibson,M,71,Violet
94,Lori,Schmidt,F,78,Blue
95,Donna,Greene,F,33,Orange
96,Rose,Armstrong,F,55,Orange
97,Andrea,Ramirez,F,88,Midnightblue
98,Shawn,Fox,M,27,Aquamarine
99,Angela,Lewis,F,85,Fuchsia
100,Christopher,Diaz,M,45,Yellow
101,Donna,Grant,F,96,Blue
102,Linda,Murphy,F,74,Midnightblue
103,Judy,Green,F,66,Red
104,Ryan,Wilson,M,51,Goldenrod
105,Joyce,Alvarez,F,40,Green
106,Dorothy,Evans,F,98,Aquamarine
107,Teresa,Wagner,F,49,Violet
108,Beverly,Jordan,F,31,Orange
109,Cynthia,Turner,F,56,Peru
110,Jennifer,Martin,F,98,Orange
111,Rose,Carter,F,73,Pink
112,Laura,Gray,F,40,Yellow
113,Linda,Kelly,F,73,Blue
114,Betty,Evans,F,41,Blue
115,Walter,Arnold,M,89,Green
116,Cheryl,Hansen,F,44,Teal
117,Anthony,Carpenter,M,33,Orange
118,Catherine,Turner,F,73,Khaki
119,Johnny,Dunn,M,65,Turquoise
120,Ronald,Cruz,M,79,Fuchsia
121,Mary,Campbell,F,40,Teal
122,Jennifer,Mason,F,29,Maroon
123,Robin,Greene,F,48,Khaki
124,Raymond,Harrison,M,100,Peru
125,Ernest,Banks,M,36,Midnightblue
126,Charles,Mccoy,M,63,Goldenrod
127,Sarah,Wood,F,65,Midnightblue
128,Cheryl,Hicks,F,27,Midnightblue
129,Katherine,Montgomery,F,100,Turquoise
130,Ashley,Ryan,F,43,Violet
131,Timothy,Sanchez,M,58,Purple
132,Michael,Gordon,M,83,Red
133,Jonathan,Howell,M,57,Green
134,Jack,Reid,M,30,Goldenrod
135,Brandon,Ortiz,M,50,Green
136,Daniel,Hughes,M,49,Teal
137,Joseph,Grant,M,43,Fuchsia
138,Kimberly,Fernandez,F,86,Pink
139,David,Roberts,M,83,Fuchsia
140,Susan,Sims,F,63,Aquamarine
141,Jerry,Brown,M,21,Maroon
142,Johnny,Brooks,M,67,Midnightblue
143,Fred,Perez,M,61,Green
144,Angela,Evans,F,49,Goldenrod
145,Dorothy,Black,F,62,Peru
146,Randy,Gibson,M,83,Peru
147,Karen,Wagner,F,78,Crimson
148,Steve,Henry,M,97,Indigo
149,Howard,Fisher,M,86,Fuchsia
150,Laura,Clark,F,58,Maroon
151,Deborah,Fields,F,65,Pink
152,Victor,Gomez,M,65,Blue
153,Helen,Lawson,F,52,Midnightblue
154,Juan,Hayes,M,60,Blue
155,Timothy,Lawson,M,99,Crimson
156,Lawrence,Armstrong,M,55,Red
157,Teresa,Frazier,F,43,Maroon
158,Lois,Warren,F,79,Yellow
159,Larry,Phillips,M,80,Khaki
160,Victor,Dean,M,29,Turquoise
161,Craig,Moreno,M,33,Maroon
162,Joyce,Torres,F,21,Maroon
163,Janice,Gibson,F,52,Goldenrod
164,Nancy,Nguyen,F,53,Blue
165,Doris,Watson,F,31,Peru
166,Louis,Duncan,M,63,Indigo
167,Louis,Warren,M,67,Purple
168,Todd,Hughes,M,99,Aquamarine
169,Charles,Dunn,M,43,Crimson
170,John,Hart,M,29,Purple
171,Kathleen,Hart,F,36,Yellow
172,Janice,Lee,F,50,Teal
173,Antonio,Morgan,M,42,Fuchsia
174,Anna,Stanley,F,36,Indigo
175,Virginia,Butler,F,47,Crimson
176,Fred,White,M,56,Khaki
177,Shirley,Washington,F,33,Fuchsia
178,Angela,Hall,F,88,Red
179,Clarence,Riley,M,33,Purple
180,Earl,Sanders,M,85,Crimson
181,Bruce,Bennett,M,74,Violet
182,Anna,Brooks,F,49,Green
183,Cheryl,Turner,F,89,Crimson
184,Paula,Gomez,F,93,Turquoise
185,Tammy,Ramos,F,88,Purple
186,Frances,Hicks,F,29,Pink
187,Beverly,Moreno,F,85,Blue
188,Thomas,Riley,M,21,Khaki
189,Roy,Carpenter,M,35,Green
190,Clarence,Stewart,M,59,Peru
191,Edward,Jordan,M,59,Midnightblue
192,Harold,Howard,M,84,Blue
193,Kelly,Bradley,F,40,Yellow
194,Peter,Howard,M,44,Crimson
195,Tammy,Green,F,89,Green
196,Dorothy,Romero,F,45,Maroon
197,Gloria,Simmons,F,25,Violet
198,Gary,Hughes,M,100,Indigo
199,Rachel,Green,F,71,Indigo
200,Jacqueline,Watkins,F,77,Red
201,Amy,Stephens,F,64,Blue
202,Christina,Daniels,F,46,Crimson
203,Ernest,Bailey,M,26,Goldenrod
204,Steve,Morales,M,62,Goldenrod
205,Thomas,Alvarez,M,73,Fuchsia
206,Clarence,Foster,M,85,Blue
207,Carolyn,Holmes,F,22,Green
208,Steve,Ford,M,76,Khaki
209,Kevin,Austin,M,50,Blue
210,Wayne,Marshall,M,70,Blue
211,Heather,Alexander,F,40,Khaki
212,Christopher,Jenkins,M,52,Goldenrod
213,Christopher,Carter,M,78,Blue
214,Kevin,Watkins,M,86,Violet
215,Frances,Weaver,F,90,Peru
216,Andrew,Wallace,M,45,Turquoise
217,Lisa,Walker,F,52,Pink
218,Aaron,Moreno,M,23,Turquoise
219,Jose,Meyer,M,52,Midnightblue
220,John,Edwards,M,57,Indigo
221,George,Richards,M,98,Peru
222,Louis,Gutierrez,M,62,Fuchsia
223,Gregory,Parker,M,86,Peru
224,Laura,Warren,F,98,Purple
225,Kathleen,Schmidt,F,45,Green
226,Nicholas,Perry,M,37,Peru
227,Irene,Burke,F,53,Midnightblue
228,Lois,Harper,F,93,Yellow
229,Lori,Wagner,F,38,Peru
230,George,Jackson,M,22,Orange
231,Mark,Bell,M,91,Pink
232,Jerry,Smith,M,97,Fuchsia
233,Donna,Hunt,F,53,Turquoise
234,Juan,Chavez,M,91,Goldenrod
235,Timothy,Gonzales,M,39,Yellow
236,John,Moore,M,42,Violet
237,Maria,Wallace,F,22,Purple
238,Anthony,Murray,M,78,Goldenrod
239,Patrick,Ryan,M,51,Yellow
240,Ruth,Powell,F,34,Aquamarine
241,Kimberly,Allen,F,50,Khaki
242,Andrew,Jordan,M,85,Teal
243,Carolyn,Day,F,55,Maroon
244,Russell,Black,M,99,Blue
245,Susan,Stone,F,91,Maroon
246,Jeremy,Holmes,M,30,Blue
247,Lillian,Mcdonald,F,99,Fuchsia
248,Christopher,Perkins,M,82,Pink
249,Diana,Peterson,F,36,Yellow
250,Jennifer,Stone,F,56,Violet
251,Amanda,Palmer,F,93,Indigo
252,Roy,Lawson,M,94,Crimson
253,Sara,Holmes,F,69,Goldenrod
254,Charles,Anderson,M,77,Midnightblue
255,Shawn,Ward,M,78,Crimson
256,Kathy,Black,F,47,Red
257,Gloria,Baker,F,95,Yellow
258,Marilyn,Greene,F,72,Orange
259,Emily,Russell,F,23,Orange
260,Marilyn,Schmidt,F,23,Green
261,Laura,Clark,F,37,Red
262,Karen,Ward,F,51,Midnightblue
263,Anne,Lewis,F,31,Peru
264,Philip,Davis,M,73,Purple
265,Bobby,Roberts,M,85,Blue
266,Karen,Little,F,65,Yellow
267,Bonnie,Willis,F,95,Maroon
268,Susan,Fowler,F,68,Orange
269,Scott,Carpenter,M,71,Turquoise
270,Sandra,Hall,F,29,Green
271,Wanda,Gutierrez,F,52,Midnightblue
272,Laura,Weaver,F,79,Orange
273,Judy,Nichols,F,77,Fuchsia
274,Shawn,Parker,M,75,Purple
275,Frank,Butler,M,99,Yellow
276,Roy,Perez,M,23,Aquamarine
277,Lisa,Shaw,F,74,Khaki
278,Mildred,Kelley,F,81,Green
279,Eugene,Mills,M,95,Teal
280,Paula,Graham,F,52,Green
281,Alan,Fisher,M,95,Khaki
282,Aaron,Fields,M,89,Khaki
283,Lisa,Ford,F,35,Purple
284,Jean,Boyd,F,91,Indigo
285,Evelyn,Mason,F,27,Indigo
286,Anna,Bailey,F,77,Khaki
287,Kevin,Parker,M,96,Violet
288,Todd,Murray,M,24,Midnightblue
289,Raymond,Ramirez,M,79,Yellow
290,Margaret,Murphy,F,92,Pink
291,Angela,Anderson,F,88,Aquamarine
292,Judith,Pierce,F,59,Goldenrod
293,Dennis,Johnson,M,92,Teal
294,Richard,Harrison,M,29,Fuchsia
295,Willie,Evans,M,27,Fuchsia
296,Gary,Hudson,M,26,Pink
297,Ruby,Shaw,F,83,Orange
298,Mark,Murphy,M,91,Orange
299,Edward,Palmer,M,29,Pink
300,Steven,Young,M,27,Yellow
301,Carolyn,Bryant,F,37,Violet
302,Timothy,Lawson,M,53,Blue
303,James,James,M,69,Crimson
304,Eugene,Mendoza,M,23,Peru
305,Keith,Owens,M,99,Crimson
306,Christine,Mendoza,F,42,Turquoise
307,Ashley,Webb,F,25,Midnightblue
308,Evelyn,Weaver,F,30,Violet
309,Richard,Stanley,M,68,Khaki
310,Roger,Garrett,M,21,Goldenrod
311,Ralph,Murphy,M,39,Crimson
312,Chris,Armstrong,M,57,Fuchsia
313,Howard,Fox,M,82,Green
314,Nancy,Mitchell,F,40,Aquamarine
315,Joshua,Bowman,M,33,Peru
316,Eugene,Hall,M,38,Midnightblue
317,Craig,Kennedy,M,33,Peru
318,Cynthia,Brown,F,26,Aquamarine
319,Samuel,Tucker,M,85,Crimson
320,Beverly,Romero,F,26,Fuchsia
321,Melissa,Hamilton,F,84,Maroon
322,Christina,Sanders,F,78,Pink
323,Bobby,Bailey,M,80,Indigo
324,Douglas,Sanchez,M,63,Red
325,Douglas,Hughes,M,42,Peru
326,Andrea,Rice,F,91,Fuchsia
327,Betty,Thompson,F,97,Turquoise
328,Mary,Chavez,F,60,Pink
329,Jane,Jackson,F,40,Violet
330,Larry,Taylor,M,46,Orange
331,Joseph,Bishop,M,44,Teal
332,George,Phillips,M,64,Peru
333,Theresa,Smith,F,32,Goldenrod
334,Debra,Little,F,25,Purple
335,Wanda,Murphy,F,32,Pink
336,Bruce,Lewis,M,71,Red
337,Mary,Castillo,F,67,Khaki
338,Billy,Perkins,M,95,Violet
339,Michelle,Schmidt,F,26,Pink
340,Martha,Armstrong,F,21,Purple
341,Willie,Long,M,96,Khaki
342,Cynthia,Cooper,F,47,Peru
343,Angela,Medina,F,71,Blue
344,Joan,Gordon,F,76,Yellow
345,Carl,Lane,M,83,Teal
346,Gregory,Fernandez,M,99,Blue
347,Eugene,Bryant,M,28,Turquoise
348,Theresa,Ortiz,F,56,Peru
349,Theresa,Oliver,F,93,Blue
350,Karen,Carpenter,F,97,Red
351,Kathryn,Ross,F,23,Orange
352,Lillian,Murray,F,89,Violet
353,Irene,Brown,F,26,Green
354,Clarence,Montgomery,M,32,Green
355,James,Wells,M,21,Purple
356,Judy,Schmidt,F,76,Teal
357,Jerry,Little,M,94,Yellow
358,Philip,Griffin,M,80,Aquamarine
359,Jean,Sanders,F,32,Midnightblue
360,Mark,Jacobs,M,84,Peru
361,Arthur,Mcdonald,M,50,Midnightblue
362,Karen,Castillo,F,93,Indigo
363,Louis,Jordan,M,58,Orange
364,Ryan,Powell,M,39,Khaki
365,Jack,Duncan,M,61,Midnightblue
366,Julie,Watson,F,28,Maroon
367,Lois,Marshall,F,83,Fuchsia
368,Joyce,Lawson,F,56,Crimson
369,Nicole,Burke,F,60,Blue
370,Todd,Kelley,M,40,Fuchsia
371,Jeffrey,Stephens,M,84,Orange
372,Patrick,Gonzalez,M,22,Violet
373,Arthur,Stanley,M,30,Khaki
374,Joshua,Garrett,M,71,Violet
375,Stephanie,Rice,F,97,Orange
376,Anna,Daniels,F,48,Purple
377,Carl,Hall,M,90,Peru
378,Richard,Barnes,M,75,Orange
379,Johnny,Lee,M,37,Aquamarine
380,Kevin,Kelly,M,50,Blue
381,Lisa,Nelson,F,85,Crimson
382,Wanda,Cooper,F,86,Turquoise
383,Martha,Morgan,F,42,Fuchsia
384,Linda,Knight,F,96,Khaki
385,Timothy,Peterson,M,40,Crimson
386,Jimmy,Roberts,M,47,Indigo
387,Willie,Reed,M,87,Red
388,Linda,Brown,F,70,Turquoise
389,Debra,Alexander,F,75,Green
390,Cheryl,Dixon,F,23,Khaki
391,Linda,Franklin,F,37,Indigo
392,Arthur,Ray,M,99,Red
393,Adam,Campbell,M,95,Goldenrod
394,Steve,Matthews,M,46,Orange
395,Maria,Richards,F,76,Aquamarine
396,Doris,Romero,F,48,Green
397,Kimberly,Myers,F,85,Fuchsia
398,Larry,Watson,M,99,Turquoise
399,Rebecca,Sanchez,F,36,Green
400,Samuel,Long,M,75,Turquoise
401,Jose,Collins,M,35,Crimson
402,Maria,Perkins,F,96,Yellow
403,Fred,Greene,M,26,Goldenrod
404,Ruth,Perkins,F,43,Violet
405,Ralph,Hill,M,62,Orange
406,Bobby,Ross,M,91,Indigo
407,Thomas,Stewart,M,82,Fuchsia
408,Charles,Meyer,M,61,Fuchsia
409,Jennifer,Ellis,F,63,Pink
410,Emily,Thomas,F,86,Violet
411,Theresa,George,F,63,Aquamarine
412,Nicholas,Dixon,M,46,Pink
413,Julie,Tucker,F,32,Indigo
414,Joyce,Thompson,F,84,Midnightblue
415,Antonio,Phillips,M,63,Turquoise
416,Gerald,Nguyen,M,98,Crimson
417,Jean,George,F,48,Red
418,Kimberly,Mcdonald,F,30,Fuchsia
419,Sarah,Russell,F,26,Peru
420,Kenneth,Kelley,M,35,Violet
421,Larry,Gibson,M,91,Peru
422,Thomas,Fuller,M,30,Peru
423,Kathleen,Burton,F,90,Orange
424,Raymond,Stanley,M,84,Orange
425,Sara,Peterson,F,24,Goldenrod
426,Michelle,Mcdonald,F,79,Orange
427,Doris,Baker,F,41,Indigo
428,Ruby,Berry,F,57,Khaki
429,Jose,Young,M,35,Blue
430,Cynthia,Ortiz,F,51,Turquoise
431,Mary,Burns,F,45,Fuchsia
432,Charles,Morgan,M,36,Purple
433,Bobby,Rice,M,100,Khaki
434,Deborah,James,F,37,Indigo
435,Janice,Morris,F,35,Indigo
436,Jack,Jacobs,M,54,Red
437,Laura,James,F,31,Peru
438,Todd,Thomas,M,45,Crimson
439,Mark,Elliott,M,28,Peru
440,Lois,Dean,F,87,Maroon
441,Angela,Lawrence,F,80,Fuchsia
442,Stephanie,Phillips,F,32,Khaki
443,Deborah,Mendoza,F,74,Crimson
444,Andrew,Lynch,M,86,Pink
445,Ronald,Perez,M,45,Indigo
446,Kelly,Richards,F,75,Indigo
447,Joyce,Simmons,F,59,Red
448,Willie,Hicks,M,88,Pink
449,Brandon,Gordon,M,74,Maroon
450,Justin,Hansen,M,48,Crimson
451,Jesse,Gibson,M,30,Yellow
452,Katherine,Turner,F,55,Turquoise
453,Susan,Wagner,F,72,Orange
454,Daniel,Kim,M,36,Maroon
455,Amanda,Moreno,F,63,Orange
456,Samuel,Fuller,M,93,Midnightblue
457,Howard,Perry,M,100,Midnightblue
458,Helen,Willis,F,39,Turquoise
459,Bonnie,Alvarez,F,31,Red
460,Ann,Hunter,F,55,Green
461,Karen,Garrett,F,65,Green
462,Fred,Payne,M,87,Indigo
463,Earl,Jackson,M,53,Blue
464,Kevin,Webb,M,21,Red
465,Emily,Perkins,F,48,Crimson
466,Anne,Turner,F,71,Fuchsia
467,Phillip,Jones,M,87,Violet
468,Peter,Washington,M,77,Indigo
469,Andrea,Gibson,F,65,Aquamarine
470,Heather,Adams,F,44,Pink
471,John,Taylor,M,21,Crimson
472,Catherine,Bailey,F,44,Maroon
473,Billy,Porter,M,47,Crimson
474,Stephanie,Daniels,F,70,Indigo
475,Michael,Kim,M,57,Khaki
476,Dorothy,Burns,F,28,Midnightblue
477,Donald,Scott,M,34,Fuchsia
478,Lois,Richards,F,64,Turquoise
479,Anna,Gomez,F,37,Turquoise
480,Jerry,Knight,M,47,Green
481,Brenda,Johnson,F,60,Fuchsia
482,Gloria,Davis,F,73,Maroon
483,Michael,Lynch,M,65,Indigo
484,Douglas,Fuller,M,94,Orange
485,Jimmy,Morgan,M,31,Turquoise
486,Justin,Cooper,M,56,Peru
487,Ruth,Brown,F,83,Midnightblue
488,Sharon,Dixon,F,88,Turquoise
489,Rose,Washington,F,100,Green
490,Juan,Day,M,45,Yellow
491,Lori,Chavez,F,56,Maroon
492,Mary,Murphy,F,25,Turquoise
493,Janet,Weaver,F,98,Midnightblue
494,Cynthia,Howard,F,37,Red
495,Carolyn,Morrison,F,69,Fuchsia
496,Rachel,Gardner,F,61,Teal
497,Kelly,Black,F,60,Maroon
498,Larry,Mcdonald,M,84,Fuchsia
499,Jennifer,Peterson,F,26,Pink
500,Irene,Payne,F,82,Goldenrod
501,Shawn,Austin,M,62,Turquoise
502,Joe,Banks,M,38,Crimson
503,Lois,Bennett,F,52,Purple
504,Kelly,Campbell,F,89,Purple
505,Anne,Knight,F,90,Fuchsia
506,Maria,Bailey,F,47,Goldenrod
507,Paul,Long,M,54,Fuchsia
508,Susan,Collins,F,54,Khaki
509,David,Freeman,M,26,Orange
510,Alan,Jackson,M,49,Turquoise
511,Terry,George,M,66,Indigo
512,Bobby,Carr,M,75,Teal
513,Juan,Gibson,M,62,Aquamarine
514,Stephen,Kennedy,M,85,Midnightblue
515,Stephanie,Ford,F,95,Peru
516,Angela,Day,F,74,Peru
517,Mark,Perry,M,62,Green
518,William,Payne,M,87,Fuchsia
519,Frank,Wallace,M,81,Pink
520,Antonio,Howell,M,91,Peru
521,Mary,Grant,F,39,Yellow
522,Lillian,Ward,F,66,Crimson
523,Virginia,Hall,F,63,Purple
524,Jean,Stanley,F,50,Crimson
525,Amanda,Carpenter,F,51,Aquamarine
526,Mary,Wilson,F,92,Green
527,Timothy,Diaz,M,70,Blue
528,Daniel,Johnston,M,80,Khaki
529,Brenda,Nelson,F,74,Midnightblue
530,Ryan,Chapman,M,81,Violet
531,Margaret,Hanson,F,64,Yellow
532,Christopher,Alvarez,M,78,Goldenrod
533,Juan,Day,M,40,Violet
534,Elizabeth,Morrison,F,54,Indigo
535,Christine,Hicks,F,74,Pink
536,Diane,Freeman,F,92,Aquamarine
537,Alan,Gibson,M,33,Aquamarine
538,Virginia,Webb,F,91,Goldenrod
539,Dennis,Simpson,M,85,Midnightblue
540,Deborah,Robinson,F,61,Khaki
541,Jesse,Young,M,28,Goldenrod
542,Nancy,Johnston,F,35,Teal
543,Victor,Lopez,M,52,Red
544,Howard,Greene,M,91,Crimson
545,Patricia,Andrews,F,96,Fuchsia
546,Jane,Bradley,F,30,Goldenrod
547,Clarence,Burns,M,85,Pink
548,Ryan,Porter,M,94,Teal
549,Louise,Tucker,F,89,Orange
550,Marilyn,Hansen,F,58,Yellow
551,Julia,Reid,F,28,Orange
552,Donald,Anderson,M,59,Crimson
553,Shawn,Turner,M,60,Turquoise
554,Tina,Fox,F,27,Pink
555,Steve,Mitchell,M,42,Teal
556,William,Reed,M,35,Aquamarine
557,Wayne,Peterson,M,38,Khaki
558,Joseph,Harper,M,45,Yellow
559,Bruce,Alexander,M,39,Aquamarine
560,Billy,Lewis,M,81,Aquamarine
561,Ann,Wells,F,33,Peru
562,John,Dixon,M,58,Crimson
563,Jack,Duncan,M,69,Indigo
564,Paul,Medina,M,95,Yellow
565,Doris,Evans,F,96,Maroon
566,Amanda,Carr,F,94,Aquamarine
567,Laura,Perry,F,76,Green
568,Virginia,Cole,F,49,Violet
569,Joshua,White,M,83,Aquamarine
570,Norma,Gray,F,69,Goldenrod
571,Thomas,Welch,M,77,Peru
572,Elizabeth,Gonzales,F,58,Goldenrod
573,Patrick,Moore,M,43,Turquoise
574,Billy,Mills,M,21,Yellow
575,Todd,Stone,M,51,Goldenrod
576,Jimmy,Parker,M,88,Purple
577,Jimmy,White,M,54,Yellow
578,Ann,Baker,F,62,Orange
579,Lawrence,Vasquez,M,72,Red
580,Laura,Bennett,F,78,Green
581,Laura,Simmons,F,63,Crimson
582,Susan,Nguyen,F,37,Violet
583,Susan,Stanley,F,89,Maroon
584,Debra,Simmons,F,52,Turquoise
585,Jose,Thompson,M,84,Red
586,Joseph,Wright,M,31,Turquoise
587,Jeffrey,Gutierrez,M,41,Goldenrod
588,Marie,Hanson,F,87,Blue
589,Patricia,Watkins,F,83,Crimson
590,Sara,Collins,F,25,Pink
591,Lois,Phillips,F,65,Fuchsia
592,Joyce,Ryan,F,55,Violet
593,Terry,Allen,M,31,Indigo
594,Walter,Thompson,M,74,Green
595,Judith,Ray,F,51,Khaki
596,Raymond,Hart,M,62,Maroon
597,Russell,Franklin,M,93,Yellow
598,Keith,Watson,M,60,Peru
599,Annie,Andrews,F,71,Green
600,Joan,Welch,F,86,Goldenrod
601,Norma,Rivera,F,72,Red
602,Ronald,Arnold,M,69,Yellow
603,Pamela,Ellis,F,84,Green
604,Beverly,Freeman,F,53,Fuchsia
605,Margaret,Clark,F,76,Yellow
606,Sarah,Boyd,F,31,Khaki
607,Helen,Myers,F,57,Yellow
608,Carl,Young,M,60,Orange
609,Nancy,Gonzalez,F,45,Green
610,Denise,Robinson,F,100,Green
611,Alice,Holmes,F,67,Red
612,Todd,Howard,M,45,Green
613,Jeffrey,Tucker,M,80,Aquamarine
614,Patricia,Riley,F,35,Khaki
615,Joshua,Matthews,M,79,Maroon
616,Alan,Hicks,M,86,Red
617,Phillip,Mills,M,62,Indigo
618,Donald,Foster,M,94,Violet
619,Virginia,Torres,F,34,Red
620,Julia,Banks,F,29,Violet
621,Sarah,Grant,F,53,Red
622,Nicholas,Hawkins,M,37,Violet
623,Beverly,Thompson,F,27,Teal
624,Donald,Wheeler,M,28,Purple
625,Keith,Gordon,M,40,Fuchsia
626,Julia,Hill,F,34,Orange
627,Richard,Jenkins,M,76,Purple
628,Norma,Brooks,F,66,Blue
629,Janet,Frazier,F,82,Yellow
630,Ann,Snyder,F,86,Turquoise
631,Raymond,Chapman,M,29,Fuchsia
632,Antonio,Boyd,M,32,Aquamarine
633,Chris,Hall,M,66,Turquoise
634,Judy,Walker,F,37,Khaki
635,Joe,Burns,M,38,Turquoise
636,Marilyn,Dixon,F,43,Fuchsia
637,Stephanie,Ward,F,23,Purple
638,Alice,Brooks,F,56,Teal
639,Gloria,Ford,F,67,Blue
640,Juan,Bryant,M,89,Green
641,Gary,Lawrence,M,21,Peru
642,Larry,Patterson,M,39,Green
643,Michael,Burns,M,57,Maroon
644,Heather,Phillips,F,34,Orange
645,Philip,Mcdonald,M,38,Red
646,Benjamin,Nichols,M,49,Peru
647,Shirley,Johnson,F,89,Midnightblue
648,Shirley,Freeman,F,76,Orange
649,Kimberly,Grant,F,37,Crimson
650,Michael,Allen,M,74,Fuchsia
651,Annie,Hicks,F,81,Khaki
652,Diane,Gonzales,F,44,Crimson
653,Robert,Coleman,M,66,Crimson
654,Edward,Stone,M,31,Indigo
655,Steven,Ross,M,56,Pink
656,Ashley,Moreno,F,54,Red
657,Brandon,Green,M,75,Green
658,Ernest,Wagner,M,80,Fuchsia
659,Antonio,Garza,M,88,Orange
660,Patrick,Flores,M,99,Purple
661,Todd,Wagner,M,21,Orange
662,Justin,Gordon,M,40,Yellow
663,Jesse,Little,M,29,Turquoise
664,Tammy,Hill,F,65,Fuchsia
665,David,Anderson,M,60,Crimson
666,Bruce,Howell,M,54,Aquamarine
667,Juan,Diaz,M,26,Peru
668,Matthew,Kim,M,21,Crimson
669,Gregory,Palmer,M,70,Maroon
670,Antonio,Greene,M,52,Blue
671,Carolyn,Jenkins,F,49,Peru
672,Theresa,Lawson,F,29,Goldenrod
673,Ann,Price,F,91,Turquoise
674,Paul,Morgan,M,98,Maroon
675,Kimberly,Walker,F,89,Orange
676,Frank,Ortiz,M,59,Blue
677,Nancy,Kim,F,91,Orange
678,Diana,Peters,F,97,Purple
679,Fred,Young,M,87,Aquamarine
680,Roger,Franklin,M,66,Khaki
681,Rachel,Bowman,F,52,Violet
682,Linda,Hansen,F,73,Orange
683,Raymond,Lawson,M,71,Pink
684,Adam,Richardson,M,77,Maroon
685,Scott,Little,M,88,Maroon
686,Jack,Stephens,M,44,Orange
687,Cheryl,Thomas,F,44,Violet
688,Jerry,Armstrong,M,23,Blue
689,Marilyn,Oliver,F,32,Indigo
690,Michael,Sims,M,21,Red
691,Sarah,Hunt,F,22,Blue
692,Dorothy,Wagner,F,80,Fuchsia
693,Lori,Spencer,F,31,Indigo
694,Jack,Jacobs,M,94,Khaki
695,Marilyn,Fox,F,44,Yellow
696,Melissa,Patterson,F,52,Violet
697,Sharon,Daniels,F,82,Khaki
698,Henry,Owens,M,44,Aquamarine
699,Lois,Perry,F,72,Indigo
700,Matthew,Hart,M,45,Midnightblue
701,Paul,Marshall,M,34,Violet
702,Joan,Morgan,F,41,Violet
703,Todd,Perez,M,68,Crimson
704,Linda,Weaver,F,31,Green
705,Martin,Ryan,M,89,Orange
706,Victor,West,M,90,Violet
707,Joshua,Rodriguez,M,73,Crimson
708,Phillip,Stone,M,46,Goldenrod
709,Alice,Hernandez,F,47,Crimson
710,Doris,Ross,F,52,Purple
711,Paul,Cox,M,99,Aquamarine
712,Donald,Ortiz,M,69,Fuchsia
713,Christopher,Ramirez,M,64,Yellow
714,Charles,Pierce,M,40,Orange
715,Wanda,Vasquez,F,45,Purple
716,Diane,Mendoza,F,27,Khaki
717,Christina,Griffin,F,56,Crimson
718,Jennifer,Mason,F,55,Violet
719,Donald,Freeman,M,99,Indigo
720,Kimberly,Walker,F,97,Orange
721,Ashley,Flores,F,27,Orange
722,Joseph,Williams,M,68,Teal
723,Arthur,Rogers,M,57,Red
724,Heather,Hunter,F,95,Crimson
725,Victor,Turner,M,80,Indigo
726,Harry,Cole,M,47,Teal
727,Clarence,Webb,M,80,Violet
728,Donna,Allen,F,64,Crimson
729,Judith,Hanson,F,92,Orange
730,Catherine,Ellis,F,90,Goldenrod
731,Philip,Woods,M,83,Peru
732,Jennifer,Harvey,F,37,Peru
733,Ernest,Webb,M,38,Turquoise
734,Mary,Woods,F,86,Orange
735,Phillip,Clark,M,54,Red
736,Ann,Sims,F,44,Violet
737,Stephanie,Graham,F,28,Turquoise
738,Alice,Johnston,F,25,Blue
739,Karen,Andrews,F,40,Turquoise
740,Carlos,Harper,M,28,Pink
741,Phillip,Sanchez,M,70,Aquamarine
742,Antonio,Parker,M,70,Violet
743,Mary,Fernandez,F,78,Fuchsia
744,Carol,Wood,F,80,Peru
745,Eugene,Fisher,M,77,Yellow
746,Jane,Parker,F,30,Blue
747,Joshua,Allen,M,36,Indigo
748,Virginia,Coleman,F,25,Orange
749,Larry,Allen,M,25,Violet
750,Martin,Wheeler,M,91,Maroon
751,Ryan,Lopez,M,29,Violet
752,Jerry,Nichols,M,59,Orange
753,Diana,Sanders,F,57,Turquoise
754,Carlos,Knight,M,48,Turquoise
755,Brandon,Sullivan,M,78,Pink
756,Christine,Walker,F,45,Peru
757,Albert,Stewart,M,82,Teal
758,Melissa,Ward,F,79,Crimson
759,Howard,Carroll,M,92,Turquoise
760,Philip,Griffin,M,44,Blue
761,Susan,Graham,F,43,Maroon
762,Denise,Wallace,F,88,Yellow
763,Rose,Medina,F,23,Violet
764,Edward,Gutierrez,M,67,Aquamarine
765,Nicole,Webb,F,74,Fuchsia
766,Barbara,Perkins,F,40,Fuchsia
767,Lawrence,Clark,M,52,Crimson
768,Maria,Martin,F,80,Peru
769,Bobby,Webb,M,30,Aquamarine
770,Janice,Stephens,F,27,Aquamarine
771,Kathryn,Kim,F,38,Crimson
772,Andrew,Johnson,M,95,Peru
773,Annie,Bryant,F,43,Orange
774,Arthur,Williamson,M,70,Goldenrod
775,Paula,Woods,F,21,Green
776,Katherine,Morris,F,87,Violet
777,Michelle,Bishop,F,78,Peru
778,Annie,Harris,F,41,Red
779,Beverly,Sanchez,F,39,Pink
780,Ruth,Martin,F,23,Aquamarine
781,Eugene,James,M,80,Aquamarine
782,Sara,Morris,F,27,Green
783,Shawn,Hunter,M,79,Peru
784,Willie,Green,M,25,Blue
785,Mildred,Perez,F,81,Orange
786,Amy,Watkins,F,38,Green
787,Janice,Watson,F,62,Red
788,Jane,Burton,F,91,Aquamarine
789,Christopher,Carroll,M,56,Green
790,Linda,Romero,F,78,Blue
791,Thomas,Thomas,M,55,Purple
792,Stephanie,Hansen,F,31,Crimson
793,Susan,Garcia,F,32,Orange
794,Joshua,Peters,M,52,Pink
795,Gregory,Roberts,M,94,Purple
796,Mark,Hall,M,23,Yellow
797,Martha,Anderson,F,68,Red
798,Eric,Holmes,M,22,Purple
799,Roy,Edwards,M,82,Aquamarine
800,Brandon,Bishop,M,35,Crimson
801,Joshua,Kelley,M,45,Pink
802,Patricia,Payne,F,62,Yellow
803,Donald,Ferguson,M,78,Yellow
804,Ruth,Myers,F,91,Red
805,Roger,Shaw,M,84,Purple
806,Antonio,Bailey,M,58,Indigo
807,Linda,Morrison,F,99,Maroon
808,Kenneth,Banks,M,96,Violet
809,Doris,Daniels,F,52,Teal
810,Helen,Jacobs,F,83,Goldenrod
811,Jonathan,Austin,M,29,Khaki
812,Jeremy,Jordan,M,21,Crimson
813,Johnny,Howell,M,75,Crimson
814,Martin,Young,M,22,Maroon
815,Joyce,Lynch,F,46,Goldenrod
816,Annie,Ryan,F,89,Pink
817,Sharon,Gonzales,F,36,Turquoise
818,Kathleen,Walker,F,97,Crimson
819,Stephen,Grant,M,52,Violet
820,Adam,Lawson,M,21,Midnightblue
821,Linda,Kelly,F,53,Turquoise
822,Lois,Gilbert,F,34,Pink
823,Russell,Ray,M,57,Aquamarine
824,Melissa,Romero,F,57,Red
825,Antonio,Boyd,M,89,Turquoise
826,Dennis,Brown,M,75,Green
827,Lori,Taylor,F,34,Fuchsia
828,Kenneth,Jones,M,43,Maroon
829,Kelly,Hanson,F,95,Violet
830,Diana,Moreno,F,30,Khaki
831,Arthur,Hicks,M,26,Indigo
832,Sandra,Foster,F,86,Crimson
833,Teresa,White,F,99,Midnightblue
834,Jack,Walker,M,44,Teal
835,Phyllis,Wallace,F,91,Indigo
836,Janet,Vasquez,F,42,Peru
837,Shawn,Harris,M,100,Goldenrod
838,Mark,Mendoza,M,55,Purple
839,Marilyn,Kelly,F,67,Green
840,Scott,Garcia,M,27,Midnightblue
841,Doris,Snyder,F,31,Violet
842,Julie,Bishop,F,83,Goldenrod
843,Tammy,Robinson,F,47,Yellow
844,Jeremy,Washington,M,100,Violet
845,Jean,Ferguson,F,66,Purple
846,Thomas,Foster,M,71,Violet
847,Lawrence,Mitchell,M,79,Fuchsia
848,Julie,Marshall,F,95,Purple
849,Lori,Richards,F,54,Indigo
850,Terry,Patterson,M,44,Yellow
851,Ashley,Berry,F,24,Orange
852,Willie,Hughes,M,80,Crimson
853,Karen,Stevens,F,57,Turquoise
854,Raymond,Hill,M,61,Maroon
855,Nancy,Woods,F,31,Fuchsia
856,Elizabeth,Fuller,F,35,Teal
857,Robert,Gutierrez,M,26,Maroon
858,Janice,Russell,F,39,Maroon
859,Bruce,Smith,M,61,Violet
860,Jeffrey,Mitchell,M,48,Peru
861,Brandon,Lopez,M,62,Green
862,Billy,Berry,M,84,Green
863,David,Price,M,28,Khaki
864,Paul,Cook,M,85,Orange
865,Jacqueline,Gibson,F,88,Orange
866,Robin,Alexander,F,83,Violet
867,Jimmy,Morris,M,64,Red
868,Linda,Matthews,F,87,Crimson
869,Roy,Rivera,M,80,Violet
870,Katherine,Olson,F,83,Maroon
871,Kevin,Romero,M,62,Red
872,Jane,Hunter,F,32,Maroon
873,Beverly,Larson,F,64,Violet
874,Tammy,Payne,F,47,Fuchsia
875,Anne,Hanson,F,71,Fuchsia
876,Lori,Cole,F,66,Pink
877,Aaron,Bishop,M,83,Midnightblue
878,Barbara,Johnston,F,77,Midnightblue
879,Lois,Gutierrez,F,50,Orange
880,Paula,Coleman,F,23,Teal
881,Tammy,Reed,F,56,Turquoise
882,Terry,Long,M,98,Green
883,Frank,Fox,M,25,Midnightblue
884,Betty,Cook,F,78,Maroon
885,Lillian,Harris,F,97,Midnightblue
886,Earl,Ellis,M,98,Midnightblue
887,Angela,Gibson,F,94,Teal
888,Jack,Cox,M,25,Blue
889,Raymond,Allen,M,25,Goldenrod
890,Emily,Williams,F,38,Goldenrod
891,Kathleen,Harvey,F,46,Violet
892,Betty,Oliver,F,99,Indigo
893,Bruce,Henderson,M,94,Fuchsia
894,Janet,Spencer,F,30,Orange
895,Roger,Alexander,M,76,Yellow
896,Jimmy,Hudson,M,51,Turquoise
897,Carol,Anderson,F,51,Pink
898,Linda,Schmidt,F,99,Pink
899,Harry,Walker,M,57,Purple
900,Susan,Washington,F,68,Midnightblue
901,Matthew,Boyd,M,74,Pink
902,Ann,Black,F,77,Red
903,Mary,Hicks,F,83,Aquamarine
904,Robin,Hanson,F,69,Crimson
905,Janice,Myers,F,52,Indigo
906,Julia,Willis,F,25,Orange
907,John,Lawrence,M,52,Purple
908,Heather,Alexander,F,71,Blue
909,Jesse,Snyder,M,99,Purple
910,Dennis,Carroll,M,75,Fuchsia
911,Jeffrey,Robertson,M,53,Khaki
912,Ruby,Gonzales,F,98,Crimson
913,Jonathan,Moreno,M,56,Indigo
914,William,Powell,M,72,Turquoise
915,Steve,Rogers,M,83,Khaki
916,Victor,Stone,M,64,Fuchsia
917,Deborah,Ferguson,F,70,Aquamarine
918,Mark,Duncan,M,96,Pink
919,Antonio,Bowman,M,29,Blue
920,Frank,Brown,M,75,Red
921,Jonathan,Chapman,M,78,Khaki
922,Eric,Rogers,M,44,Violet
923,Jessica,Johnson,F,44,Yellow
924,Howard,Warren,M,69,Crimson
925,Sarah,Gray,F,52,Purple
926,Rebecca,Myers,F,42,Pink
927,Michelle,Jacobs,F,95,Aquamarine
928,Terry,Washington,M,69,Midnightblue
929,Michael,Medina,M,43,Maroon
930,Samuel,Edwards,M,64,Indigo
931,Jeremy,Little,M,89,Indigo
932,Carol,Henderson,F,43,Midnightblue
933,Anthony,Patterson,M,86,Midnightblue
934,Steve,Williamson,M,31,Aquamarine
935,Samuel,Carr,M,93,Pink
936,Matthew,Ortiz,M,96,Green
937,Billy,Palmer,M,58,Violet
938,Billy,Chapman,M,69,Peru
939,Douglas,Martin,M,83,Violet
940,Lois,Morales,F,87,Turquoise
941,Peter,Duncan,M,80,Aquamarine
942,William,Stewart,M,27,Peru
943,Douglas,Fox,M,96,Orange
944,Kathy,Bowman,F,56,Orange
945,Wanda,Reed,F,40,Violet
946,Kimberly,Johnson,F,73,Crimson
947,Marilyn,Mitchell,F,46,Fuchsia
948,Betty,Porter,F,65,Khaki
949,Peter,Hudson,M,39,Yellow
950,Keith,Sanders,M,75,Aquamarine
951,Willie,Greene,M,63,Orange
952,Victor,Sanders,M,27,Purple
953,Fred,Matthews,M,59,Khaki
954,Martha,James,F,72,Khaki
955,Patrick,Welch,M,78,Yellow
956,Terry,Martin,M,94,Indigo
957,Frances,Cooper,F,71,Khaki
958,Steve,Spencer,M,73,Goldenrod
959,Carol,Peterson,F,95,Aquamarine
960,Carolyn,Long,F,28,Purple
961,Doris,Cruz,F,34,Red
962,Joe,Chavez,M,63,Yellow
963,Debra,Burke,F,45,Aquamarine
964,Carolyn,Campbell,F,61,Goldenrod
965,Virginia,Gonzales,F,48,Pink
966,Thomas,Snyder,M,100,Red
967,Patricia,Perez,F,98,Maroon
968,Maria,Moore,F,95,Purple
969,Christopher,Diaz,M,71,Crimson
970,Gerald,Bailey,M,97,Orange
971,Nancy,Fuller,F,92,Violet
972,Marilyn,Lawson,F,92,Purple
973,Earl,Cox,M,49,Maroon
974,Nancy,Hernandez,F,71,Blue
975,Julie,Stewart,F,69,Khaki
976,Lois,Robinson,F,26,Purple
977,Michael,Ford,M,94,Red
978,Barbara,Grant,F,43,Turquoise
979,Adam,Lee,M,97,Turquoise
980,Angela,Lee,F,85,Orange
981,Mark,Fisher,M,95,Maroon
982,Kathryn,Olson,F,95,Turquoise
983,Jesse,Hughes,M,74,Green
984,Diana,Ford,F,89,Green
985,Chris,Davis,M,63,Turquoise
986,Terry,Reyes,M,26,Khaki
987,James,Wallace,M,56,Violet
988,Frank,Welch,M,87,Violet
989,Alice,Vasquez,F,86,Red
990,Jerry,Lynch,M,29,Maroon
991,Ruth,Brown,F,32,Peru
992,Doris,Mccoy,F,96,Pink
993,Susan,Murphy,F,25,Teal
994,Andrew,Ford,M,89,Indigo
995,Jerry,Davis,M,87,Violet
996,Karen,Moreno,F,48,Peru
997,Jeremy,Lane,M,40,Red
998,Joyce,Barnes,F,43,Aquamarine
999,Martha,Fowler,F,48,Turquoise
1000,Charles,Hunter,M,63,Violet
